spp,site,sex,temp,rate,full_ID,yr,is_valid,mass_adj,site_sex
MB,A1,F,23,0.7879389502419656,MB_A1_F_01,2023,Y,0.8059,A1:F
MB,A1,F,40,5.514021590768086,MB_A1_F_01,2023,Y,0.8059,A1:F
MB,A1,F,23,0.22760378732702113,MB_A1_F_02,2023,Y,0.9611,A1:F
MB,A1,F,40,0.3680678389345542,MB_A1_F_02,2023,Y,0.9611,A1:F
MB,A1,F,37,0.13656227239621269,MB_A1_F_02,2023,Y,0.9611,A1:F
MB,A1,F,40,3.288938592923953,MB_A1_F_03,2023,Y,0.7377,A1:F
MB,A1,F,16,0.18469567574894943,MB_A1_F_03,2023,Y,0.7377,A1:F
MB,A1,F,30,1.0607292937508472,MB_A1_F_03,2023,Y,0.7377,A1:F
MB,A1,F,40,3.8125241095538125,MB_A1_F_04,2023,Y,0.7777,A1:F
MB,A1,F,37,0.7023916677382025,MB_A1_F_04,2023,Y,0.7777,A1:F
MB,A1,F,40,2.7124888832422815,MB_A1_F_05,2023,Y,0.7871,A1:F
MB,A1,F,16,0.24298056155507558,MB_A1_F_05,2023,Y,0.7871,A1:F
MB,A1,F,43,2.2995807394231993,MB_A1_F_05,2023,Y,0.7871,A1:F
MB,A1,F,40,2.579414319394466,MB_A1_F_06,2023,Y,0.8059,A1:F
MB,A1,F,23,0.637486040451669,MB_A1_F_06,2023,Y,0.8059,A1:F
MB,A1,F,30,1.0686809777888076,MB_A1_F_06,2023,Y,0.8059,A1:F
MB,A1,F,30,1.8519154194699987,MB_A1_F_07,2023,Y,0.7283,A1:F
MB,A1,F,23,0.5148977069888783,MB_A1_F_07,2023,Y,0.7283,A1:F
MB,A1,F,16,0.08238363311822051,MB_A1_F_07,2023,Y,0.7283,A1:F
MB,A1,F,30,1.022624141060547,MB_A1_F_08,2023,Y,0.7713,A1:F
MB,A1,F,43,1.2008945935433684,MB_A1_F_08,2023,Y,0.7713,A1:F
MB,A1,F,37,2.4536496823544667,MB_A1_F_08,2023,Y,0.7713,A1:F
MB,A1,F,16,0.22379066965054228,MB_A1_F_09,2023,Y,0.5809,A1:F
MB,A1,F,30,1.9925976932346359,MB_A1_F_09,2023,Y,0.5809,A1:F
MB,A1,F,43,4.006713720089516,MB_A1_F_09,2023,Y,0.5809,A1:F
MB,A1,F,30,1.20017015070491,MB_A1_F_10,2023,Y,0.8228,A1:F
MB,A1,F,37,3.108288770053476,MB_A1_F_10,2023,Y,0.8228,A1:F
MB,A1,F,16,0.028566273755111858,MB_A1_F_11,2023,Y,0.8314,A1:F
MB,A1,F,37,2.5709646379600675,MB_A1_F_11,2023,Y,0.8314,A1:F
MB,A1,F,43,0.13982439259081067,MB_A1_F_11,2023,Y,0.8314,A1:F
MB,A1,F,43,0.024801587301587304,MB_A1_F_12,2023,Y,0.6552,A1:F
MB,A1,F,23,0.8966727716727717,MB_A1_F_12,2023,Y,0.6552,A1:F
MB,A1,F,37,2.451541514041514,MB_A1_F_12,2023,Y,0.6552,A1:F
MB,A1,M,40,1.2296965982224948,MB_A1_M_01,2023,Y,0.3263,A1:M
MB,A1,M,23,0.6014403922770457,MB_A1_M_01,2023,Y,0.3263,A1:M
MB,A1,M,40,3.5916896657467032,MB_A1_M_02,2023,Y,0.3261,A1:M
MB,A1,M,43,1.3876111622201779,MB_A1_M_02,2023,Y,0.3261,A1:M
MB,A1,M,23,0.5596442808954308,MB_A1_M_02,2023,Y,0.3261,A1:M
MB,A1,M,30,1.2171817879694251,MB_A1_M_03,2023,Y,0.3009,A1:M
MB,A1,M,16,0.09139248919906946,MB_A1_M_03,2023,Y,0.3009,A1:M
MB,A1,M,40,2.401129943502825,MB_A1_M_03,2023,Y,0.3009,A1:M
MB,A1,M,43,1.7510347023241009,MB_A1_M_04,2023,Y,0.3141,A1:M
MB,A1,M,37,0.0915313594396689,MB_A1_M_04,2023,Y,0.3141,A1:M
MB,A1,M,40,1.7510347023241009,MB_A1_M_04,2023,Y,0.3141,A1:M
MB,A1,M,40,1.9243260798960702,MB_A1_M_05,2023,Y,0.3079,A1:M
MB,A1,M,43,2.931146476128613,MB_A1_M_05,2023,Y,0.3079,A1:M
MB,A1,M,16,0.5724261123741474,MB_A1_M_05,2023,Y,0.3079,A1:M
MB,A1,M,23,0.42347247428917123,MB_A1_M_07,2023,Y,0.3306,A1:M
MB,A1,M,30,1.811101028433152,MB_A1_M_07,2023,Y,0.3306,A1:M
MB,A1,M,16,0.3705384150030248,MB_A1_M_07,2023,Y,0.3306,A1:M
MB,A1,M,37,1.0721623009758603,MB_A1_M_08,2023,Y,0.3894,A1:M
MB,A1,M,23,0.3210066769388803,MB_A1_M_08,2023,Y,0.3894,A1:M
MB,A1,M,30,1.0625321006676938,MB_A1_M_08,2023,Y,0.3894,A1:M
MB,A1,M,37,2.1835337341349366,MB_A1_M_09,2023,Y,0.2994,A1:M
MB,A1,M,37,1.9571261340357038,MB_A1_M_11,2023,Y,0.3417,A1:M
MB,A1,M,23,1.0133157740708223,MB_A1_M_11,2023,Y,0.3417,A1:M
MB,A1,M,30,1.8144571261340356,MB_A1_M_11,2023,Y,0.3417,A1:M
MB,B1,F,37,4.865521105715353,MB_B1_F_01,2023,Y,0.2677,B1:F
MB,B1,F,40,4.057713858797161,MB_B1_F_01,2023,Y,0.2677,B1:F
MB,B1,F,43,2.3393724318266718,MB_B1_F_01,2023,Y,0.2677,B1:F
MB,B1,F,23,0.8586626139817628,MB_B1_F_02,2023,Y,0.329,B1:F
MB,B1,F,40,5.444528875379939,MB_B1_F_02,2023,Y,0.329,B1:F
MB,B1,F,16,0.0911854103343465,MB_B1_F_02,2023,Y,0.329,B1:F
MB,B1,F,43,1.661960006105938,MB_B1_F_04,2023,Y,0.6551,B1:F
MB,B1,F,40,0.12211876049458098,MB_B1_F_04,2023,Y,0.6551,B1:F
MB,B1,F,40,3.600985221674877,MB_B1_F_05,2023,Y,0.5075,B1:F
MB,B1,F,43,0.6871921182266011,MB_B1_F_05,2023,Y,0.5075,B1:F
MB,B1,F,37,6.58128078817734,MB_B1_F_05,2023,Y,0.5075,B1:F
MB,B1,F,30,1.6026246223564955,MB_B1_F_06,2023,Y,0.5296,B1:F
MB,B1,F,40,4.184762084592146,MB_B1_F_06,2023,Y,0.5296,B1:F
MB,B1,F,16,0.03304380664652568,MB_B1_F_06,2023,Y,0.5296,B1:F
MB,B1,F,37,2.7307383627608344,MB_B1_F_07,2023,Y,0.623,B1:F
MB,B1,F,40,1.2078651685393258,MB_B1_F_07,2023,Y,0.623,B1:F
MB,B1,F,23,0.18258426966292135,MB_B1_F_07,2023,Y,0.623,B1:F
MB,B1,F,40,5.68305713039686,MB_B1_F_08,2023,Y,0.4586,B1:F
MB,B1,F,43,4.401984300043611,MB_B1_F_08,2023,Y,0.4586,B1:F
MB,B1,F,16,0.19079808111644134,MB_B1_F_08,2023,Y,0.4586,B1:F
MB,B1,F,23,1.1676612347945836,MB_B1_F_11,2023,Y,0.4357,B1:F
MB,B1,F,30,2.00826256598577,MB_B1_F_11,2023,Y,0.4357,B1:F
MB,B1,F,43,3.167316961211843,MB_B1_F_11,2023,Y,0.4357,B1:F
MB,B1,F,43,2.588990687894263,MB_B1_F_12,2023,Y,0.6658,B1:F
MB,B1,F,16,0.1201562030639832,MB_B1_F_12,2023,Y,0.6658,B1:F
MB,B1,F,30,3.1372033643736863,MB_B1_F_12,2023,Y,0.6658,B1:F
MB,B1,F,37,2.271857662138894,MB_B1_F_13,2023,Y,0.5227,B1:F
MB,B1,F,23,0.5787258465659078,MB_B1_F_13,2023,Y,0.5227,B1:F
MB,B1,F,30,1.9155347235507938,MB_B1_F_13,2023,Y,0.5227,B1:F
MB,B1,F,23,1.139949510886715,MB_B1_F_15,2023,Y,0.6338,B1:F
MB,B1,F,37,1.1951719785421266,MB_B1_F_15,2023,Y,0.6338,B1:F
MB,B1,F,43,0.8875039444619753,MB_B1_F_15,2023,Y,0.6338,B1:F
MB,B1,F,23,0.6203744013931214,MB_B1_F_17,2023,Y,0.6891,B1:F
MB,B1,F,37,2.2420548541575966,MB_B1_F_17,2023,Y,0.6891,B1:F
MB,B1,F,16,0.07255389718076286,MB_B1_F_18,2023,Y,0.603,B1:F
MB,B1,F,37,2.7736318407960203,MB_B1_F_18,2023,Y,0.603,B1:F
MB,B1,F,43,0.11608623548922058,MB_B1_F_18,2023,Y,0.603,B1:F
MB,B1,M,37,2.1087034383954153,MB_B1_M_02,2023,Y,0.2792,B1:M
MB,B1,M,40,1.6296561604584527,MB_B1_M_02,2023,Y,0.2792,B1:M
MB,B1,M,43,2.923531518624642,MB_B1_M_02,2023,Y,0.2792,B1:M
MB,B1,M,23,0.8013454689354967,MB_B1_M_03,2023,Y,0.2527,B1:M
MB,B1,M,40,4.6299960427384255,MB_B1_M_03,2023,Y,0.2527,B1:M
MB,B1,M,16,0.5292837356549268,MB_B1_M_03,2023,Y,0.2527,B1:M
MB,B1,M,30,1.3802789616427742,MB_B1_M_04,2023,Y,0.2581,B1:M
MB,B1,M,23,0.37776055792328556,MB_B1_M_04,2023,Y,0.2581,B1:M
MB,B1,M,40,1.3124757845796202,MB_B1_M_04,2023,Y,0.2581,B1:M
MB,B1,M,43,4.925889328063241,MB_B1_M_05,2023,Y,0.253,B1:M
MB,B1,M,40,3.6709486166007905,MB_B1_M_05,2023,Y,0.253,B1:M
MB,B1,M,16,0.4891304347826087,MB_B1_M_05,2023,Y,0.253,B1:M
MB,B1,M,23,0.8171695402298852,MB_B1_M_06,2023,Y,0.2784,B1:M
MB,B1,M,40,2.164152298850575,MB_B1_M_06,2023,Y,0.2784,B1:M
MB,B1,M,37,2.6445761494252875,MB_B1_M_06,2023,Y,0.2784,B1:M
MB,B1,M,30,1.8676578560939798,MB_B1_M_07,2023,Y,0.2724,B1:M
MB,B1,M,40,1.1288546255506609,MB_B1_M_07,2023,Y,0.2724,B1:M
MB,B1,M,16,0.091776798825257,MB_B1_M_07,2023,Y,0.2724,B1:M
MB,B1,M,40,3.0748945147679327,MB_B1_M_08,2023,Y,0.237,B1:M
MB,B1,M,37,1.3924050632911393,MB_B1_M_08,2023,Y,0.237,B1:M
MB,B1,M,30,2.336497890295359,MB_B1_M_08,2023,Y,0.237,B1:M
MB,B1,M,43,1.1415743217424532,MB_B1_M_09,2023,Y,0.2617,B1:M
MB,B1,M,30,1.3660680168131447,MB_B1_M_09,2023,Y,0.2617,B1:M
MB,B1,M,43,2.453810623556582,MB_B1_M_10,2023,Y,0.2598,B1:M
MB,B1,M,30,1.3760585065434952,MB_B1_M_10,2023,Y,0.2598,B1:M
MB,B1,M,37,2.3816397228637416,MB_B1_M_10,2023,Y,0.2598,B1:M
MB,B1,M,23,0.8279044516829533,MB_B1_M_11,2023,Y,0.2763,B1:M
MB,B1,M,30,0.425262395946435,MB_B1_M_11,2023,Y,0.2763,B1:M
MB,B1,M,16,0.09500542888165038,MB_B1_M_11,2023,Y,0.2763,B1:M
MB,B1,M,30,0.8482944344703769,MB_B1_M_12,2023,Y,0.2785,B1:M
MB,B1,M,43,1.620287253141831,MB_B1_M_12,2023,Y,0.2785,B1:M
MB,B1,M,23,0.7315978456014361,MB_B1_M_12,2023,Y,0.2785,B1:M
MB,B1,M,16,0.18190298507462685,MB_B1_M_13,2023,Y,0.268,B1:M
MB,B1,M,30,1.3246268656716416,MB_B1_M_13,2023,Y,0.268,B1:M
MB,B1,M,37,1.7444029850746268,MB_B1_M_13,2023,Y,0.268,B1:M
MB,B1,M,23,0.6129505448449287,MB_B1_M_14,2023,Y,0.2386,B1:M
MB,B1,M,43,2.037929589270746,MB_B1_M_14,2023,Y,0.2386,B1:M
MB,B1,M,37,1.4197401508801342,MB_B1_M_14,2023,Y,0.2386,B1:M
MB,B1,M,23,0.8538803556992723,MB_B1_M_15,2023,Y,0.2474,B1:M
MB,B1,M,16,0.19704931285367824,MB_B1_M_15,2023,Y,0.2474,B1:M
MB,B1,M,37,2.9304769603880354,MB_B1_M_15,2023,Y,0.2474,B1:M
MB,C1,F,37,2.293165467625899,MB_C1_F_01,2023,Y,0.5282,C1:F
MB,C1,F,43,1.6305376751230594,MB_C1_F_01,2023,Y,0.5282,C1:F
MB,C1,F,40,4.908178720181749,MB_C1_F_01,2023,Y,0.5282,C1:F
MB,C1,F,23,0.6336805555555556,MB_C1_F_02,2023,Y,0.576,C1:F
MB,C1,F,43,1.23046875,MB_C1_F_02,2023,Y,0.576,C1:F
MB,C1,F,40,1.796875,MB_C1_F_02,2023,Y,0.576,C1:F
MB,C1,F,16,0.17655960988733815,MB_C1_F_03,2023,Y,0.5947,C1:F
MB,C1,F,40,2.5348915419539266,MB_C1_F_03,2023,Y,0.5947,C1:F
MB,C1,F,30,0.9948619786419505,MB_C1_F_04,2023,Y,0.4963,C1:F
MB,C1,F,37,2.4078178521055813,MB_C1_F_04,2023,Y,0.4963,C1:F
MB,C1,F,40,3.2691920209550673,MB_C1_F_04,2023,Y,0.4963,C1:F
MB,C1,F,40,3.766268497058299,MB_C1_F_05,2023,Y,0.5609,C1:F
MB,C1,F,16,0.2050276341593867,MB_C1_F_05,2023,Y,0.5609,C1:F
MB,C1,F,30,1.2814227134961669,MB_C1_F_05,2023,Y,0.5609,C1:F
MB,C1,F,40,3.9864130434782608,MB_C1_F_07,2023,Y,0.46,C1:F
MB,C1,F,16,0.3342391304347826,MB_C1_F_07,2023,Y,0.46,C1:F
MB,C1,F,23,1.779891304347826,MB_C1_F_07,2023,Y,0.46,C1:F
MB,C1,F,30,2.0601680256980477,MB_C1_F_08,2023,Y,0.4047,C1:F
MB,C1,F,40,3.113417346182357,MB_C1_F_08,2023,Y,0.4047,C1:F
MB,C1,F,37,5.142698295033358,MB_C1_F_08,2023,Y,0.4047,C1:F
MB,C1,F,30,1.481575819324164,MB_C1_F_10,2023,Y,0.5889,C1:F
MB,C1,F,23,0.1719307182883342,MB_C1_F_10,2023,Y,0.5889,C1:F
MB,C1,F,16,0.048819833588045515,MB_C1_F_10,2023,Y,0.5889,C1:F
MB,C1,F,16,0.09248719408081958,MB_C1_F_12,2023,Y,0.5271,C1:F
MB,C1,F,30,2.0655473344716375,MB_C1_F_12,2023,Y,0.5271,C1:F
MB,C1,F,43,1.3398785809144376,MB_C1_F_12,2023,Y,0.5271,C1:F
MB,C1,F,43,2.0161996497373034,MB_C1_F_13,2023,Y,0.571,C1:F
MB,C1,F,30,1.017950963222417,MB_C1_F_13,2023,Y,0.571,C1:F
MB,C1,F,23,0.22548161120840632,MB_C1_F_13,2023,Y,0.571,C1:F
MB,C1,F,16,0.7202304737516005,MB_C1_F_14,2023,Y,0.3124,C1:F
MB,C1,F,30,2.8649167733674776,MB_C1_F_14,2023,Y,0.3124,C1:F
MB,C1,F,23,0.4521446862996158,MB_C1_F_14,2023,Y,0.3124,C1:F
MB,C1,F,43,1.3588157313300928,MB_C1_F_15,2023,Y,0.4526,C1:F
MB,C1,F,37,3.264471939902784,MB_C1_F_15,2023,Y,0.4526,C1:F
MB,C1,F,23,0.6794078656650464,MB_C1_F_15,2023,Y,0.4526,C1:F
MB,C1,F,43,0.9199438202247191,MB_C1_F_16,2023,Y,0.534,C1:F
MB,C1,F,37,3.258426966292135,MB_C1_F_16,2023,Y,0.534,C1:F
MB,C1,F,16,0.03511235955056179,MB_C1_F_16,2023,Y,0.534,C1:F
MB,C1,F,30,1.786394817073171,MB_C1_F_17,2023,Y,0.5247999999999999,C1:F
MB,C1,F,23,0.7264672256097562,MB_C1_F_17,2023,Y,0.5247999999999999,C1:F
MB,C1,F,37,3.2655297256097566,MB_C1_F_17,2023,Y,0.5247999999999999,C1:F
MB,C1,F,37,1.9974493313111816,MB_C1_F_18,2023,Y,0.7253,C1:F
MB,C1,F,23,0.6307734730456364,MB_C1_F_18,2023,Y,0.7253,C1:F
MB,C1,M,40,4.2201540436456995,MB_C1_M_02,2023,Y,0.2337,C1:M
MB,C1,M,37,3.4606332905434316,MB_C1_M_02,2023,Y,0.2337,C1:M
MB,C1,M,43,1.6260162601626018,MB_C1_M_02,2023,Y,0.2337,C1:M
MB,C1,M,40,1.5880503144654088,MB_C1_M_03,2023,Y,0.2385,C1:M
MB,C1,M,43,1.4779874213836477,MB_C1_M_03,2023,Y,0.2385,C1:M
MB,C1,M,16,0.010482180293501049,MB_C1_M_03,2023,Y,0.2385,C1:M
MB,C1,M,37,3.955364626990779,MB_C1_M_04,2023,Y,0.2386,C1:M
MB,C1,M,40,4.5735540653813915,MB_C1_M_04,2023,Y,0.2386,C1:M
MB,C1,M,23,2.147946353730092,MB_C1_M_04,2023,Y,0.2386,C1:M
MB,C1,M,40,1.7729083665338645,MB_C1_M_05,2023,Y,0.251,C1:M
MB,C1,M,43,1.4215904042647713,MB_C1_M_07,2023,Y,0.2251,C1:M
MB,C1,M,40,2.9042647712127945,MB_C1_M_07,2023,Y,0.2251,C1:M
MB,C1,M,23,1.2549977787649933,MB_C1_M_07,2023,Y,0.2251,C1:M
MB,C1,M,23,1.3141993957703926,MB_C1_M_08,2023,Y,0.1655,C1:M
MB,C1,M,40,1.4879154078549848,MB_C1_M_08,2023,Y,0.1655,C1:M
MB,C1,M,37,5.755287009063444,MB_C1_M_08,2023,Y,0.1655,C1:M
MB,C1,M,40,2.2727272727272725,MB_C1_M_09,2023,Y,0.2112,C1:M
MB,C1,M,23,0.6332859848484849,MB_C1_M_09,2023,Y,0.2112,C1:M
MB,C1,M,40,2.2263346792283536,MB_C1_M_10,2023,Y,0.2229,C1:M
MB,C1,M,30,1.4131897711978467,MB_C1_M_10,2023,Y,0.2229,C1:M
MB,C1,M,37,3.4376401973979362,MB_C1_M_10,2023,Y,0.2229,C1:M
MB,C1,M,30,1.9123334765792868,MB_C1_M_11,2023,Y,0.2327,C1:M
MB,C1,M,16,0.4841011006930289,MB_C1_M_15,2023,Y,0.2453,C1:M
MB,C1,M,23,0.38728088055442317,MB_C1_M_15,2023,Y,0.2453,C1:M
MB,C1,M,30,1.9313086017121892,MB_C1_M_15,2023,Y,0.2453,C1:M
MB,C1,M,30,1.409289400555776,MB_C1_M_17,2023,Y,0.2519,C1:M
MB,C1,M,37,1.349741961095673,MB_C1_M_17,2023,Y,0.2519,C1:M
MB,C1,M,23,0.5408892417626042,MB_C1_M_17,2023,Y,0.2519,C1:M
MB,C1,M,37,2.8288543140028284,MB_C1_M_18,2023,Y,0.2121,C1:M
MB,C1,M,23,0.4361150400754361,MB_C1_M_18,2023,Y,0.2121,C1:M
MB,C1,M,43,0.7769200316706255,MB_C1_M_20,2023,Y,0.2526,C1:M
MB,C1,M,37,1.7517814726840857,MB_C1_M_20,2023,Y,0.2526,C1:M
MB,C1,M,16,0.1880443388756928,MB_C1_M_20,2023,Y,0.2526,C1:M
MS,A1,F,23,0.7780209093119378,MS_A1_F_01,2023,Y,0.4113,A1:F
MS,A1,F,37,3.6773644541697057,MS_A1_F_01,2023,Y,0.4113,A1:F
MS,A1,F,40,6.221128130318502,MS_A1_F_01,2023,Y,0.4113,A1:F
MS,A1,F,30,3.096887916362752,MS_A1_F_01,2023,Y,0.4113,A1:F
MS,A1,F,30,3.1299931522483453,MS_A1_F_03,2023,Y,0.4381,A1:F
MS,A1,F,43,6.131590960967816,MS_A1_F_03,2023,Y,0.4381,A1:F
MS,A1,F,23,0.9187400136955034,MS_A1_F_03,2023,Y,0.4381,A1:F
MS,A1,F,40,4.841931065966674,MS_A1_F_03,2023,Y,0.4381,A1:F
MS,A1,F,43,2.6555086979441223,MS_A1_F_04,2023,Y,0.3794,A1:F
MS,A1,F,23,1.0246441750131787,MS_A1_F_04,2023,Y,0.3794,A1:F
MS,A1,F,40,0.8039008961518186,MS_A1_F_04,2023,Y,0.3794,A1:F
MS,A1,F,23,0.2503953610964681,MS_A1_F_04,2023,Y,0.3794,A1:F
MS,A1,F,30,3.58270202020202,MS_A1_F_05,2023,Y,0.396,A1:F
MS,A1,F,16,0.827020202020202,MS_A1_F_05,2023,Y,0.396,A1:F
MS,A1,F,43,4.217171717171717,MS_A1_F_05,2023,Y,0.396,A1:F
MS,A1,F,40,9.097222222222221,MS_A1_F_05,2023,Y,0.396,A1:F
MS,A1,F,43,6.838653603034134,MS_A1_F_06,2023,Y,0.3164,A1:F
MS,A1,F,16,0.24099241466498103,MS_A1_F_06,2023,Y,0.3164,A1:F
MS,A1,F,23,0.9165613147914032,MS_A1_F_06,2023,Y,0.3164,A1:F
MS,A1,F,40,4.207490518331226,MS_A1_F_06,2023,Y,0.3164,A1:F
MS,A1,F,37,2.329681058798004,MS_A1_F_17,2023,Y,0.4609,A1:F
MS,A1,F,16,0.13058457434985551,MS_A1_F_19,2023,Y,0.4499,A1:F
MS,A1,F,37,4.125916870415647,MS_A1_F_19,2023,Y,0.4499,A1:F
MS,A1,F,43,4.1719143576826205,MS_A1_F_21,2023,Y,0.5558,A1:F
MS,A1,F,23,2.1388089240734076,MS_A1_F_21,2023,Y,0.5558,A1:F
MS,A1,F,37,6.42092479309104,MS_A1_F_21,2023,Y,0.5558,A1:F
MS,A1,F,43,2.816767830045524,MS_A1_F_22,2023,Y,0.3954,A1:F
MS,A1,F,30,4.824228629236217,MS_A1_F_22,2023,Y,0.3954,A1:F
MS,A1,F,40,5.279463834092059,MS_A1_F_22,2023,Y,0.3954,A1:F
MS,A1,F,37,5.1466493410061265,MS_A1_F_23,2023,Y,0.5387,A1:F
MS,A1,F,30,4.1256729162799335,MS_A1_F_23,2023,Y,0.5387,A1:F
MS,A1,F,16,0.4710413959532207,MS_A1_F_23,2023,Y,0.5387,A1:F
MS,A1,F,40,4.209311659642785,MS_A1_F_24,2023,Y,0.4983,A1:F
MS,A1,F,16,0.3787878787878788,MS_A1_F_24,2023,Y,0.4983,A1:F
MS,A1,F,30,2.0494681918522977,MS_A1_F_24,2023,Y,0.4983,A1:F
MS,A1,F,23,1.645760404511863,MS_A1_F_25,2023,Y,0.5142,A1:F
MS,A1,F,43,3.1845585375340333,MS_A1_F_25,2023,Y,0.5142,A1:F
MS,A1,F,40,7.353656164916375,MS_A1_F_25,2023,Y,0.5142,A1:F
MS,A1,F,30,4.6388818618770555,MS_A1_F_26,2023,Y,0.3953,A1:F
MS,A1,F,43,3.6333164685049333,MS_A1_F_26,2023,Y,0.3953,A1:F
MS,A1,F,37,5.859473817353909,MS_A1_F_26,2023,Y,0.3953,A1:F
MS,A1,F,16,0.1431297709923664,MS_A1_F_27,2023,Y,0.5502,A1:F
MS,A1,F,40,4.716466739367503,MS_A1_F_27,2023,Y,0.5502,A1:F
MS,A1,F,30,3.0738822246455832,MS_A1_F_27,2023,Y,0.5502,A1:F
MS,A1,F,37,7.622052474261043,MS_A1_F_28,2023,Y,0.3011,A1:F
MS,A1,F,30,3.2837927598804386,MS_A1_F_28,2023,Y,0.3011,A1:F
MS,A1,F,43,8.01228827632016,MS_A1_F_28,2023,Y,0.3011,A1:F
MS,A1,F,16,0.575,MS_A1_F_29,2023,Y,0.2,A1:F
MS,A1,F,23,1.7,MS_A1_F_29,2023,Y,0.2,A1:F
MS,A1,F,37,9.4125,MS_A1_F_29,2023,Y,0.2,A1:F
MS,A1,F,16,0.23471833799440667,MS_A1_F_30,2023,Y,0.5006,A1:F
MS,A1,F,40,7.371154614462644,MS_A1_F_30,2023,Y,0.5006,A1:F
MS,A1,F,23,0.7840591290451457,MS_A1_F_30,2023,Y,0.5006,A1:F
MS,A1,F,23,0.6396957123098203,MS_A1_F_32,2023,Y,0.4338,A1:F
MS,A1,F,23,0.17654389365826642,MS_A1_F_33,2023,Y,0.3611,A1:F
MS,A1,F,43,3.101633896427583,MS_A1_F_33,2023,Y,0.3611,A1:F
MS,A1,F,40,3.5793409027970093,MS_A1_F_33,2023,Y,0.3611,A1:F
MS,A1,M,37,2.90288863549981,MS_A1_M_01,2023,Y,0.2631,A1:M
MS,A1,M,23,0.798175598631699,MS_A1_M_01,2023,Y,0.2631,A1:M
MS,A1,M,23,0.8646902318510072,MS_A1_M_01,2023,Y,0.2631,A1:M
MS,A1,M,40,4.936335993918663,MS_A1_M_01,2023,Y,0.2631,A1:M
MS,A1,M,43,1.7302368501999386,MS_A1_M_02,2023,Y,0.3251,A1:M
MS,A1,M,30,0.8574284835435251,MS_A1_M_02,2023,Y,0.3251,A1:M
MS,A1,M,40,2.879883112888342,MS_A1_M_02,2023,Y,0.3251,A1:M
MS,A1,M,37,2.1647185481390343,MS_A1_M_02,2023,Y,0.3251,A1:M
MS,A1,M,43,4.214737625604764,MS_A1_M_03,2023,Y,0.2687,A1:M
MS,A1,M,43,3.0563825828061035,MS_A1_M_03,2023,Y,0.2687,A1:M
MS,A1,M,37,4.01470040937849,MS_A1_M_03,2023,Y,0.2687,A1:M
MS,A1,M,40,4.918378834787504,MS_A1_M_04,2023,Y,0.3553,A1:M
MS,A1,M,30,1.4565156206023078,MS_A1_M_04,2023,Y,0.3553,A1:M
MS,A1,M,23,1.139881790036589,MS_A1_M_04,2023,Y,0.3553,A1:M
MS,A1,M,40,3.4508076358296624,MS_A1_M_06,2023,Y,0.2724,A1:M
MS,A1,M,40,3.416571265025759,MS_A1_M_07,2023,Y,0.3494,A1:M
MS,A1,M,16,0,MS_A1_M_07,2023,Y,0.3494,A1:M
MS,A1,M,30,2.5607767565965016,MS_A1_M_09,2023,Y,0.3373,A1:M
MS,A1,M,16,0.1890008894159502,MS_A1_M_09,2023,Y,0.3373,A1:M
MS,A1,M,40,4.224725763415358,MS_A1_M_09,2023,Y,0.3373,A1:M
MS,A1,M,23,1.0821227394011266,MS_A1_M_09,2023,Y,0.3373,A1:M
MS,A1,M,16,0.24621212121212122,MS_A1_M_10,2023,Y,0.264,A1:M
MS,A1,M,40,4.455492424242424,MS_A1_M_10,2023,Y,0.264,A1:M
MS,A1,M,43,2.518939393939394,MS_A1_M_10,2023,Y,0.264,A1:M
MS,A1,M,37,4.318669527896996,MS_A1_M_11,2023,Y,0.233,A1:M
MS,A1,M,43,3.181330472103004,MS_A1_M_11,2023,Y,0.233,A1:M
MS,A1,M,23,1.6577253218884118,MS_A1_M_11,2023,Y,0.233,A1:M
MS,A1,M,30,2.3175965665236054,MS_A1_M_11,2023,Y,0.233,A1:M
MS,A1,M,43,1.6895933014354068,MS_A1_M_12,2023,Y,0.3344,A1:M
MS,A1,M,37,3.382924641148326,MS_A1_M_12,2023,Y,0.3344,A1:M
MS,A1,M,43,3.0240729665071773,MS_A1_M_12,2023,Y,0.3344,A1:M
MS,A1,M,30,2.265251196172249,MS_A1_M_12,2023,Y,0.3344,A1:M
MS,A1,M,23,0.3345070422535211,MS_A1_M_13,2023,Y,0.426,A1:M
MS,A1,M,43,2.928403755868545,MS_A1_M_13,2023,Y,0.426,A1:M
MS,A1,M,23,0.5281690140845071,MS_A1_M_13,2023,Y,0.426,A1:M
MS,A1,M,30,1.2411971830985917,MS_A1_M_13,2023,Y,0.426,A1:M
MS,A1,M,30,1.6579861111111112,MS_A1_M_14,2023,Y,0.288,A1:M
MS,A1,M,16,0.11284722222222224,MS_A1_M_14,2023,Y,0.288,A1:M
MS,A1,M,43,4.518229166666667,MS_A1_M_14,2023,Y,0.288,A1:M
MS,A1,M,43,3.046875,MS_A1_M_14,2023,Y,0.288,A1:M
MS,A1,M,16,0,MS_A1_M_15,2023,Y,0.4207,A1:M
MS,A1,M,30,0.7844069408129308,MS_A1_M_15,2023,Y,0.4207,A1:M
MS,A1,M,43,3.0039220347040643,MS_A1_M_15,2023,Y,0.4207,A1:M
MS,A1,M,43,2.252198716425006,MS_A1_M_15,2023,Y,0.4207,A1:M
MS,A1,M,43,4.7225444702242845,MS_A1_M_16,2023,Y,0.2586,A1:M
MS,A1,M,37,4.659706109822119,MS_A1_M_16,2023,Y,0.2586,A1:M
MS,A1,M,23,2.039829853054911,MS_A1_M_16,2023,Y,0.2586,A1:M
MS,A1,M,23,0.5265567765567765,MS_A1_M_17,2023,Y,0.273,A1:M
MS,A1,M,43,1.9917582417582413,MS_A1_M_17,2023,Y,0.273,A1:M
MS,A1,M,37,3.0494505494505493,MS_A1_M_17,2023,Y,0.273,A1:M
MS,A1,M,30,1.4239926739926738,MS_A1_M_17,2023,Y,0.273,A1:M
MS,A1,M,37,4.490858843537414,MS_A1_M_18,2023,Y,0.2352,A1:M
MS,A1,M,23,1.0044642857142856,MS_A1_M_18,2023,Y,0.2352,A1:M
MS,A1,M,16,0.2710459183673469,MS_A1_M_18,2023,Y,0.2352,A1:M
MS,A1,M,43,6.3084608843537415,MS_A1_M_18,2023,Y,0.2352,A1:M
MS,A1,M,37,1.9964196762141968,MS_A1_M_19,2023,Y,0.3212,A1:M
MS,A1,M,43,1.3231631382316313,MS_A1_M_19,2023,Y,0.3212,A1:M
MS,A1,M,43,2.2152356172304133,MS_A1_M_20,2023,Y,0.3459,A1:M
MS,A1,M,23,1.116652211621856,MS_A1_M_20,2023,Y,0.3459,A1:M
MS,A1,M,16,0.39389997108991043,MS_A1_M_20,2023,Y,0.3459,A1:M
MS,A1,M,37,2.554929170280428,MS_A1_M_20,2023,Y,0.3459,A1:M
MS,B1,F,30,2.253235028588625,MS_B1_F_01,2023,Y,0.3323,B1:F
MS,B1,F,23,1.087120072223894,MS_B1_F_01,2023,Y,0.3323,B1:F
MS,B1,F,40,7.865633463737587,MS_B1_F_01,2023,Y,0.3323,B1:F
MS,B1,F,37,8.644297321697263,MS_B1_F_01,2023,Y,0.3323,B1:F
MS,B1,F,23,1.5599399235390496,MS_B1_F_02,2023,Y,0.3662,B1:F
MS,B1,F,37,5.567312943746586,MS_B1_F_02,2023,Y,0.3662,B1:F
MS,B1,F,40,6.570862916439104,MS_B1_F_02,2023,Y,0.3662,B1:F
MS,B1,F,43,4.044920808301474,MS_B1_F_02,2023,Y,0.3662,B1:F
MS,B1,F,40,8.917124542124542,MS_B1_F_03,2023,Y,0.2184,B1:F
MS,B1,F,43,4.160943223443223,MS_B1_F_03,2023,Y,0.2184,B1:F
MS,B1,F,43,6.736492673992673,MS_B1_F_03,2023,Y,0.2184,B1:F
MS,B1,F,37,12.763278388278389,MS_B1_F_03,2023,Y,0.2184,B1:F
MS,B1,F,23,1.284431137724551,MS_B1_F_04,2023,Y,0.4175,B1:F
MS,B1,F,40,5.158682634730539,MS_B1_F_04,2023,Y,0.4175,B1:F
MS,B1,F,43,1.7994011976047903,MS_B1_F_04,2023,Y,0.4175,B1:F
MS,B1,F,43,4.887440758293839,MS_B1_F_06,2023,Y,0.422,B1:F
MS,B1,F,23,1.82760663507109,MS_B1_F_06,2023,Y,0.422,B1:F
MS,B1,F,40,5.041469194312796,MS_B1_F_06,2023,Y,0.422,B1:F
MS,B1,F,30,5.414201183431953,MS_B1_F_07,2023,Y,0.2535,B1:F
MS,B1,F,16,0.7938856015779093,MS_B1_F_07,2023,Y,0.2535,B1:F
MS,B1,F,40,8.180473372781066,MS_B1_F_07,2023,Y,0.2535,B1:F
MS,B1,F,43,7.559171597633136,MS_B1_F_07,2023,Y,0.2535,B1:F
MS,B1,F,40,3.930467091295117,MS_B1_F_08,2023,Y,0.471,B1:F
MS,B1,F,23,0.4777070063694268,MS_B1_F_08,2023,Y,0.471,B1:F
MS,B1,F,23,1.7967091295116773,MS_B1_F_08,2023,Y,0.471,B1:F
MS,B1,F,16,0.5838641188959661,MS_B1_F_08,2023,Y,0.471,B1:F
MS,B1,F,40,6.08339029391661,MS_B1_F_09,2023,Y,0.4389,B1:F
MS,B1,F,16,0.23923444976076552,MS_B1_F_09,2023,Y,0.4389,B1:F
MS,B1,F,43,5.211893369788107,MS_B1_F_09,2023,Y,0.4389,B1:F
MS,B1,F,37,5.448983824139361,MS_B1_F_11,2023,Y,0.4822,B1:F
MS,B1,F,43,4.111364579012857,MS_B1_F_11,2023,Y,0.4822,B1:F
MS,B1,F,30,2.496370800497719,MS_B1_F_11,2023,Y,0.4822,B1:F
MS,B1,F,30,4.187842064112588,MS_B1_F_12,2023,Y,0.2558,B1:F
MS,B1,F,30,2.3703703703703702,MS_B1_F_15,2023,Y,0.27,B1:F
MS,B1,F,43,1.9120370370370368,MS_B1_F_15,2023,Y,0.27,B1:F
MS,B1,F,16,0.09722222222222221,MS_B1_F_15,2023,Y,0.27,B1:F
MS,B1,F,23,0.9907407407407407,MS_B1_F_15,2023,Y,0.27,B1:F
MS,B1,F,37,6.357325538911216,MS_B1_F_16,2023,Y,0.2737,B1:F
MS,B1,F,23,1.201132626963829,MS_B1_F_16,2023,Y,0.2737,B1:F
MS,B1,F,30,4.060102301790281,MS_B1_F_16,2023,Y,0.2737,B1:F
MS,B1,F,23,1.278772378516624,MS_B1_F_16,2023,Y,0.2737,B1:F
MS,B1,F,43,7.64225181598063,MS_B1_F_17,2023,Y,0.2478,B1:F
MS,B1,F,23,2.138821630347054,MS_B1_F_17,2023,Y,0.2478,B1:F
MS,B1,F,16,0.3278853914447135,MS_B1_F_17,2023,Y,0.2478,B1:F
MS,B1,F,37,7.0873688458434225,MS_B1_F_17,2023,Y,0.2478,B1:F
MS,B1,F,16,0.031862745098039214,MS_B1_F_18,2023,Y,0.51,B1:F
MS,B1,F,23,0.3529411764705882,MS_B1_F_18,2023,Y,0.51,B1:F
MS,B1,F,43,2.1519607843137254,MS_B1_F_18,2023,Y,0.51,B1:F
MS,B1,F,37,2.3504901960784315,MS_B1_F_18,2023,Y,0.51,B1:F
MS,B1,F,16,0.20864243323442136,MS_B1_F_19,2023,Y,0.2696,B1:F
MS,B1,F,43,6.574554896142433,MS_B1_F_19,2023,Y,0.2696,B1:F
MS,B1,F,37,6.987203264094956,MS_B1_F_19,2023,Y,0.2696,B1:F
MS,B1,F,43,4.200667655786351,MS_B1_F_19,2023,Y,0.2696,B1:F
MS,B1,M,43,1.1363636363636365,MS_B1_M_01,2023,Y,0.3201,B1:M
MS,B1,M,30,2.479693845673227,MS_B1_M_01,2023,Y,0.3201,B1:M
MS,B1,M,37,5.392845985629491,MS_B1_M_01,2023,Y,0.3201,B1:M
MS,B1,M,40,5.943455170259294,MS_B1_M_01,2023,Y,0.3201,B1:M
MS,B1,M,37,4.064395033208201,MS_B1_M_02,2023,Y,0.3463,B1:M
MS,B1,M,40,3.6817788045047646,MS_B1_M_02,2023,Y,0.3463,B1:M
MS,B1,M,23,0.5883626913081144,MS_B1_M_02,2023,Y,0.3463,B1:M
MS,B1,M,43,3.617169667765661,MS_B1_M_03,2023,Y,0.3943,B1:M
MS,B1,M,40,3.26528024346944,MS_B1_M_03,2023,Y,0.3943,B1:M
MS,B1,M,43,3.205046918589906,MS_B1_M_03,2023,Y,0.3943,B1:M
MS,B1,M,37,4.092695916814608,MS_B1_M_03,2023,Y,0.3943,B1:M
MS,B1,M,23,1.1303996770286637,MS_B1_M_04,2023,Y,0.2477,B1:M
MS,B1,M,30,2.412192167945095,MS_B1_M_04,2023,Y,0.2477,B1:M
MS,B1,M,40,6.494751715785224,MS_B1_M_04,2023,Y,0.2477,B1:M
MS,B1,M,43,3.561855670103093,MS_B1_M_05,2023,Y,0.2425,B1:M
MS,B1,M,43,2.4948453608247423,MS_B1_M_05,2023,Y,0.2425,B1:M
MS,B1,M,40,5.376288659793815,MS_B1_M_05,2023,Y,0.2425,B1:M
MS,B1,M,23,1.6701030927835052,MS_B1_M_05,2023,Y,0.2425,B1:M
MS,B1,M,30,3.656684027777778,MS_B1_M_06,2023,Y,0.2304,B1:M
MS,B1,M,16,0.2387152777777778,MS_B1_M_06,2023,Y,0.2304,B1:M
MS,B1,M,23,1.5787760416666667,MS_B1_M_06,2023,Y,0.2304,B1:M
MS,B1,M,43,1.4552238805970148,MS_B1_M_07,2023,Y,0.268,B1:M
MS,B1,M,16,0.14458955223880596,MS_B1_M_07,2023,Y,0.268,B1:M
MS,B1,M,23,1.7117537313432833,MS_B1_M_07,2023,Y,0.268,B1:M
MS,B1,M,40,4.930037313432836,MS_B1_M_07,2023,Y,0.268,B1:M
MS,B1,M,16,0,MS_B1_M_08,2023,Y,0.3584,B1:M
MS,B1,M,40,3.5609654017857144,MS_B1_M_08,2023,Y,0.3584,B1:M
MS,B1,M,43,2.3332868303571432,MS_B1_M_08,2023,Y,0.3584,B1:M
MS,B1,M,43,2.957589285714286,MS_B1_M_08,2023,Y,0.3584,B1:M
MS,B1,M,16,0.4416167664670658,MS_B1_M_09,2023,Y,0.334,B1:M
MS,B1,M,43,2.5486526946107784,MS_B1_M_09,2023,Y,0.334,B1:M
MS,B1,M,40,5.187125748502994,MS_B1_M_09,2023,Y,0.334,B1:M
MS,B1,M,40,5.904984944797591,MS_B1_M_10,2023,Y,0.2989,B1:M
MS,B1,M,16,0.18400802944128472,MS_B1_M_10,2023,Y,0.2989,B1:M
MS,B1,M,43,4.353462696554032,MS_B1_M_10,2023,Y,0.2989,B1:M
MS,B1,M,30,1.608468518009348,MS_B1_M_11,2023,Y,0.3637,B1:M
MS,B1,M,43,1.2372834753918063,MS_B1_M_11,2023,Y,0.3637,B1:M
MS,B1,M,37,2.522683530382183,MS_B1_M_11,2023,Y,0.3637,B1:M
MS,B1,M,23,0.9313995050866097,MS_B1_M_11,2023,Y,0.3637,B1:M
MS,B1,M,43,2.4350164326262322,MS_B1_M_12,2023,Y,0.3347,B1:M
MS,B1,M,37,4.025993426949507,MS_B1_M_12,2023,Y,0.3347,B1:M
MS,B1,M,30,2.629220197191515,MS_B1_M_12,2023,Y,0.3347,B1:M
MS,B1,M,43,6.885228251507321,MS_B1_M_14,2023,Y,0.2322,B1:M
MS,B1,M,23,1.5934539190353145,MS_B1_M_14,2023,Y,0.2322,B1:M
MS,B1,M,23,1.4696382428940569,MS_B1_M_14,2023,Y,0.2322,B1:M
MS,B1,M,30,4.570413436692506,MS_B1_M_14,2023,Y,0.2322,B1:M
MS,B1,M,23,1.0097610232245036,MS_B1_M_15,2023,Y,0.2971,B1:M
MS,B1,M,30,1.8049478290138001,MS_B1_M_15,2023,Y,0.2971,B1:M
MS,B1,M,16,0.21457421743520702,MS_B1_M_15,2023,Y,0.2971,B1:M
MS,B1,M,23,0.6427789934354485,MS_B1_M_16,2023,Y,0.3656,B1:M
MS,B1,M,37,2.601887308533917,MS_B1_M_16,2023,Y,0.3656,B1:M
MS,B1,M,30,2.0172319474835887,MS_B1_M_16,2023,Y,0.3656,B1:M
MS,B1,M,43,4.365922777187389,MS_B1_M_17,2023,Y,0.2823,B1:M
MS,B1,M,37,4.928267800212541,MS_B1_M_17,2023,Y,0.2823,B1:M
MS,B1,M,23,1.1379737867516826,MS_B1_M_17,2023,Y,0.2823,B1:M
MS,B1,M,43,2.7918781725888326,MS_B1_M_18,2023,Y,0.2758,B1:M
MS,B1,M,16,0.49854967367657727,MS_B1_M_18,2023,Y,0.2758,B1:M
MS,B1,M,43,0.5438723712835388,MS_B1_M_18,2023,Y,0.2758,B1:M
MS,B1,M,37,3.3448150833937635,MS_B1_M_18,2023,Y,0.2758,B1:M
MS,B1,M,23,1.5723270440251573,MS_B1_M_19,2023,Y,0.2067,B1:M
MS,B1,M,23,1.1550556361877116,MS_B1_M_19,2023,Y,0.2067,B1:M
MS,B1,M,37,5.3580067731011125,MS_B1_M_19,2023,Y,0.2067,B1:M
MS,B1,M,16,0.5986937590711175,MS_B1_M_19,2023,Y,0.2067,B1:M
MS,B1,M,16,0.28686523437499994,MS_B1_M_20,2023,Y,0.2048,B1:M
MS,B1,M,37,4.840087890625,MS_B1_M_20,2023,Y,0.2048,B1:M
MS,B1,M,43,3.1494140625,MS_B1_M_20,2023,Y,0.2048,B1:M
MS,B1,M,30,3.0517578125,MS_B1_M_20,2023,Y,0.2048,B1:M
MS,B1,M,16,1.3498438197233378,MS_B1_M_21,2023,Y,0.2241,B1:M
MS,B1,M,43,7.3516287371709055,MS_B1_M_21,2023,Y,0.2241,B1:M
MS,B1,M,37,6.888665774207943,MS_B1_M_21,2023,Y,0.2241,B1:M
MS,Eldo,F,43,3.133734680713825,MS_Eldo_F_01,2023,Y,0.4651,Eldo:F
MS,Eldo,F,37,3.7303805633197165,MS_Eldo_F_01,2023,Y,0.4651,Eldo:F
MS,Eldo,F,40,4.391528703504623,MS_Eldo_F_01,2023,Y,0.4651,Eldo:F
MS,Eldo,F,23,2.598903461621157,MS_Eldo_F_01,2023,Y,0.4651,Eldo:F
MS,Eldo,F,40,5.197845937719505,MS_Eldo_F_02,2023,Y,0.4271,Eldo:F
MS,Eldo,F,37,7.673846874268321,MS_Eldo_F_02,2023,Y,0.4271,Eldo:F
MS,Eldo,F,30,3.298407867010068,MS_Eldo_F_02,2023,Y,0.4271,Eldo:F
MS,Eldo,F,40,3.4942994957246216,MS_Eldo_F_03,2023,Y,0.4561,Eldo:F
MS,Eldo,F,37,2.318570488927867,MS_Eldo_F_03,2023,Y,0.4561,Eldo:F
MS,Eldo,F,30,0.7694414019715224,MS_Eldo_F_04,2023,Y,0.4565,Eldo:F
MS,Eldo,F,23,0.49561883899233294,MS_Eldo_F_04,2023,Y,0.4565,Eldo:F
MS,Eldo,F,40,3.428258488499452,MS_Eldo_F_04,2023,Y,0.4565,Eldo:F
MS,Eldo,F,23,0.336801752464403,MS_Eldo_F_04,2023,Y,0.4565,Eldo:F
MS,Eldo,F,43,6.180777172892811,MS_Eldo_F_05,2023,Y,0.5327,Eldo:F
MS,Eldo,F,40,4.12521118828609,MS_Eldo_F_05,2023,Y,0.5327,Eldo:F
MS,Eldo,F,43,2.29491270884175,MS_Eldo_F_05,2023,Y,0.5327,Eldo:F
MS,Eldo,F,23,0.6452975408297353,MS_Eldo_F_05,2023,Y,0.5327,Eldo:F
MS,Eldo,F,40,1.6322399833921528,MS_Eldo_F_07,2023,Y,0.4817,Eldo:F
MS,Eldo,F,16,0.5760847000207598,MS_Eldo_F_07,2023,Y,0.4817,Eldo:F
MS,Eldo,F,43,3.6433464812123724,MS_Eldo_F_07,2023,Y,0.4817,Eldo:F
MS,Eldo,F,30,2.491177081170853,MS_Eldo_F_07,2023,Y,0.4817,Eldo:F
MS,Eldo,F,43,7.472625036993193,MS_Eldo_F_08,2023,Y,0.3379,Eldo:F
MS,Eldo,F,40,6.784551642497781,MS_Eldo_F_08,2023,Y,0.3379,Eldo:F
MS,Eldo,F,40,5.544772256728779,MS_Eldo_F_09,2023,Y,0.1932,Eldo:F
MS,Eldo,F,43,8.074534161490684,MS_Eldo_F_09,2023,Y,0.1932,Eldo:F
MS,Eldo,F,16,0.3752587991718426,MS_Eldo_F_09,2023,Y,0.1932,Eldo:F
MS,Eldo,F,40,4.399141630901287,MS_Eldo_F_10,2023,Y,0.3728,Eldo:F
MS,Eldo,F,16,0.1508851931330472,MS_Eldo_F_10,2023,Y,0.3728,Eldo:F
MS,Eldo,F,43,2.6891094420600856,MS_Eldo_F_10,2023,Y,0.3728,Eldo:F
MS,Eldo,F,30,2.840909090909091,MS_Eldo_F_11,2023,Y,0.4664,Eldo:F
MS,Eldo,F,43,1.4124142367066894,MS_Eldo_F_11,2023,Y,0.4664,Eldo:F
MS,Eldo,F,23,1.3239708404802746,MS_Eldo_F_11,2023,Y,0.4664,Eldo:F
MS,Eldo,F,37,7.0835120068610635,MS_Eldo_F_11,2023,Y,0.4664,Eldo:F
MS,Eldo,F,30,1.7983870967741935,MS_Eldo_F_12,2023,Y,0.465,Eldo:F
MS,Eldo,F,43,3.1263440860215055,MS_Eldo_F_12,2023,Y,0.465,Eldo:F
MS,Eldo,F,43,2.817204301075269,MS_Eldo_F_12,2023,Y,0.465,Eldo:F
MS,Eldo,F,37,1.5591397849462365,MS_Eldo_F_12,2023,Y,0.465,Eldo:F
MS,Eldo,F,43,4.206176319835982,MS_Eldo_F_13,2023,Y,0.3902,Eldo:F
MS,Eldo,F,43,2.111096873398257,MS_Eldo_F_13,2023,Y,0.3902,Eldo:F
MS,Eldo,F,30,1.7651204510507432,MS_Eldo_F_13,2023,Y,0.3902,Eldo:F
MS,Eldo,F,23,0.9097898513582778,MS_Eldo_F_13,2023,Y,0.3902,Eldo:F
MS,Eldo,F,43,0.9569625491413202,MS_Eldo_F_14,2023,Y,0.4833,Eldo:F
MS,Eldo,F,30,2.7700186219739296,MS_Eldo_F_14,2023,Y,0.4833,Eldo:F
MS,Eldo,F,43,6.949617214980344,MS_Eldo_F_14,2023,Y,0.4833,Eldo:F
MS,Eldo,F,16,0.2987707716822217,MS_Eldo_F_15,2023,Y,0.4393,Eldo:F
MS,Eldo,F,30,1.7897791941725472,MS_Eldo_F_15,2023,Y,0.4393,Eldo:F
MS,Eldo,F,23,0.936148417937628,MS_Eldo_F_15,2023,Y,0.4393,Eldo:F
MS,Eldo,F,23,0.7369679034828135,MS_Eldo_F_15,2023,Y,0.4393,Eldo:F
MS,Eldo,F,30,1.4513720365876424,MS_Eldo_F_17,2023,Y,0.5357,Eldo:F
MS,Eldo,F,37,3.0730819488519696,MS_Eldo_F_17,2023,Y,0.5357,Eldo:F
MS,Eldo,F,23,0.6580175471345903,MS_Eldo_F_17,2023,Y,0.5357,Eldo:F
MS,Eldo,F,37,3.872184954480115,MS_Eldo_F_18,2023,Y,0.4174,Eldo:F
MS,Eldo,F,43,3.102539530426449,MS_Eldo_F_18,2023,Y,0.4174,Eldo:F
MS,Eldo,F,23,0.7636559655007187,MS_Eldo_F_18,2023,Y,0.4174,Eldo:F
MS,Eldo,F,30,2.877961139206814,MS_Eldo_F_20,2023,Y,0.3757,Eldo:F
MS,Eldo,F,37,6.148522757519298,MS_Eldo_F_20,2023,Y,0.3757,Eldo:F
MS,Eldo,F,16,0.29611392068139475,MS_Eldo_F_20,2023,Y,0.3757,Eldo:F
MS,Eldo,M,23,0.3485612577870068,MS_Eldo_M_01,2023,Y,0.3371,Eldo:M
MS,Eldo,M,40,2.491842183328389,MS_Eldo_M_01,2023,Y,0.3371,Eldo:M
MS,Eldo,M,37,3.163008009492732,MS_Eldo_M_01,2023,Y,0.3371,Eldo:M
MS,Eldo,M,23,0.589587659448235,MS_Eldo_M_01,2023,Y,0.3371,Eldo:M
MS,Eldo,M,43,4.634081196581197,MS_Eldo_M_02,2023,Y,0.1872,Eldo:M
MS,Eldo,M,37,7.371794871794871,MS_Eldo_M_02,2023,Y,0.1872,Eldo:M
MS,Eldo,M,40,5.034722222222222,MS_Eldo_M_02,2023,Y,0.1872,Eldo:M
MS,Eldo,M,43,3.6324786324786325,MS_Eldo_M_02,2023,Y,0.1872,Eldo:M
MS,Eldo,M,40,3.585168479702839,MS_Eldo_M_03,2023,Y,0.3769,Eldo:M
MS,Eldo,M,43,2.3381533563279384,MS_Eldo_M_03,2023,Y,0.3769,Eldo:M
MS,Eldo,M,43,2.1855929954895195,MS_Eldo_M_03,2023,Y,0.3769,Eldo:M
MS,Eldo,M,23,0.8092332183603077,MS_Eldo_M_03,2023,Y,0.3769,Eldo:M
MS,Eldo,M,23,0.8058889198995255,MS_Eldo_M_04,2023,Y,0.3583,Eldo:M
MS,Eldo,M,30,2.1350823332403013,MS_Eldo_M_04,2023,Y,0.3583,Eldo:M
MS,Eldo,M,40,3.6317331844822776,MS_Eldo_M_04,2023,Y,0.3583,Eldo:M
MS,Eldo,M,23,0.3783592644978784,MS_Eldo_M_06,2023,Y,0.3535,Eldo:M
MS,Eldo,M,40,3.316831683168317,MS_Eldo_M_06,2023,Y,0.3535,Eldo:M
MS,Eldo,M,40,3.394265776699029,MS_Eldo_M_07,2023,Y,0.3296,Eldo:M
MS,Eldo,M,23,0.970873786407767,MS_Eldo_M_07,2023,Y,0.3296,Eldo:M
MS,Eldo,M,16,0,MS_Eldo_M_07,2023,Y,0.3296,Eldo:M
MS,Eldo,M,23,1.3008191747572817,MS_Eldo_M_07,2023,Y,0.3296,Eldo:M
MS,Eldo,M,16,0.23008568708346555,MS_Eldo_M_09,2023,Y,0.3151,Eldo:M
MS,Eldo,M,40,2.233417962551571,MS_Eldo_M_09,2023,Y,0.3151,Eldo:M
MS,Eldo,M,16,0.05305978068623983,MS_Eldo_M_10,2023,Y,0.2827,Eldo:M
MS,Eldo,M,43,2.095861337106473,MS_Eldo_M_10,2023,Y,0.2827,Eldo:M
MS,Eldo,M,40,3.435620799434029,MS_Eldo_M_10,2023,Y,0.2827,Eldo:M
MS,Eldo,M,43,2.236276455026455,MS_Eldo_M_11,2023,Y,0.3024,Eldo:M
MS,Eldo,M,37,3.9599867724867726,MS_Eldo_M_11,2023,Y,0.3024,Eldo:M
MS,Eldo,M,30,2.3272156084656084,MS_Eldo_M_11,2023,Y,0.3024,Eldo:M
MS,Eldo,M,23,1.3268849206349207,MS_Eldo_M_11,2023,Y,0.3024,Eldo:M
MS,Eldo,M,30,1.5392973560304237,MS_Eldo_M_12,2023,Y,0.2761,Eldo:M
MS,Eldo,M,37,2.7299891343716043,MS_Eldo_M_12,2023,Y,0.2761,Eldo:M
MS,Eldo,M,43,2.739043824701195,MS_Eldo_M_12,2023,Y,0.2761,Eldo:M
MS,Eldo,M,23,0.7513314734973371,MS_Eldo_M_13,2023,Y,0.3943,Eldo:M
MS,Eldo,M,23,0.7037788485924424,MS_Eldo_M_13,2023,Y,0.3943,Eldo:M
MS,Eldo,M,30,1.5628962718742074,MS_Eldo_M_13,2023,Y,0.3943,Eldo:M
MS,Eldo,M,43,2.7739031194521937,MS_Eldo_M_13,2023,Y,0.3943,Eldo:M
MS,Eldo,M,30,2.34777706185567,MS_Eldo_M_14,2023,Y,0.3104,Eldo:M
MS,Eldo,M,16,0.028189432989690722,MS_Eldo_M_14,2023,Y,0.3104,Eldo:M
MS,Eldo,M,30,1.1960373711340206,MS_Eldo_M_14,2023,Y,0.3104,Eldo:M
MS,Eldo,M,43,1.7452267303102624,MS_Eldo_M_15,2023,Y,0.3352,Eldo:M
MS,Eldo,M,30,1.6147076372315037,MS_Eldo_M_15,2023,Y,0.3352,Eldo:M
MS,Eldo,M,43,1.7526849642004774,MS_Eldo_M_15,2023,Y,0.3352,Eldo:M
MS,Eldo,M,43,0.9338903907594004,MS_Eldo_M_16,2023,Y,0.4069,Eldo:M
MS,Eldo,M,37,2.402310149913984,MS_Eldo_M_16,2023,Y,0.4069,Eldo:M
MS,Eldo,M,23,0.8263701155074957,MS_Eldo_M_16,2023,Y,0.4069,Eldo:M
MS,Eldo,M,23,0.9136072751768272,MS_Eldo_M_17,2023,Y,0.2969,Eldo:M
MS,Eldo,M,37,3.629168070057258,MS_Eldo_M_17,2023,Y,0.2969,Eldo:M
MS,Eldo,M,43,2.572414954530145,MS_Eldo_M_17,2023,Y,0.2969,Eldo:M
MS,Eldo,M,43,2.8166049174806336,MS_Eldo_M_17,2023,Y,0.2969,Eldo:M
MS,Eldo,M,43,2.0991530373831777,MS_Eldo_M_18,2023,Y,0.3424,Eldo:M
MS,Eldo,M,23,1.0002920560747666,MS_Eldo_M_18,2023,Y,0.3424,Eldo:M
MS,Eldo,M,37,2.9643691588785046,MS_Eldo_M_18,2023,Y,0.3424,Eldo:M
MS,Eldo,M,16,0.13507593457943926,MS_Eldo_M_18,2023,Y,0.3424,Eldo:M
MS,Eldo,M,37,2.7277542372881354,MS_Eldo_M_19,2023,Y,0.2832,Eldo:M
MS,Eldo,M,43,3.9062499999999996,MS_Eldo_M_19,2023,Y,0.2832,Eldo:M
MS,Eldo,M,30,1.584569209039548,MS_Eldo_M_19,2023,Y,0.2832,Eldo:M
MS,Eldo,M,23,0.6147540983606558,MS_Eldo_M_20,2023,Y,0.34769999999999995,Eldo:M
MS,Eldo,M,37,3.1816220880069026,MS_Eldo_M_20,2023,Y,0.34769999999999995,Eldo:M
MS,Eldo,M,37,1.6973125884016973,MS_Eldo_M_21,2023,Y,0.42419999999999997,Eldo:M
MB,A1,M,23,1.4735945485519593,MB_A1_M_31,2024,Y,0.2935,A1:M
MB,A1,M,16,1.073253833049404,MB_A1_M_31,2024,Y,0.2935,A1:M
MB,A1,M,43,4.450596252129472,MB_A1_M_31,2024,Y,0.2935,A1:M
MB,A1,M,23,1.443345323741007,MB_A1_M_33,2024,Y,0.278,A1:M
MB,A1,M,40,1.6906474820143882,MB_A1_M_33,2024,Y,0.278,A1:M
MB,A1,M,37,4.662769784172661,MB_A1_M_33,2024,Y,0.278,A1:M
MB,A1,M,23,1.4328743545611016,MB_A1_M_34,2024,Y,0.2905,A1:M
MB,A1,M,40,1.9406196213425129,MB_A1_M_34,2024,Y,0.2905,A1:M
MB,A1,M,43,5.335628227194492,MB_A1_M_34,2024,Y,0.2905,A1:M
MB,A1,M,23,1.4027431421446386,MB_A1_M_35,2024,Y,0.3208,A1:M
MB,A1,M,16,0.5533042394014963,MB_A1_M_35,2024,Y,0.3208,A1:M
MB,A1,M,37,5.131701995012469,MB_A1_M_35,2024,Y,0.3208,A1:M
MB,A1,M,37,4.1877570389117365,MB_A1_M_36,2024,Y,0.3161,A1:M
MB,A1,M,16,0.8818411894969946,MB_A1_M_36,2024,Y,0.3161,A1:M
MB,A1,M,40,4.686017083201518,MB_A1_M_36,2024,Y,0.3161,A1:M
MB,A1,M,37,3.6127645502645502,MB_A1_M_37,2024,Y,0.3024,A1:M
MB,A1,M,23,4.592427248677248,MB_A1_M_37,2024,Y,0.3024,A1:M
MB,A1,M,43,5.373677248677248,MB_A1_M_37,2024,Y,0.3024,A1:M
MB,A1,M,37,4.4609491778774295,MB_A1_M_38,2024,Y,0.2676,A1:M
MB,A1,M,23,5.521300448430494,MB_A1_M_38,2024,Y,0.2676,A1:M
MB,A1,M,43,4.6524663677130045,MB_A1_M_38,2024,Y,0.2676,A1:M
MB,A1,M,37,3.454057679409792,MB_A1_M_39,2024,Y,0.2982,A1:M
MB,A1,M,16,0.5030181086519114,MB_A1_M_39,2024,Y,0.2982,A1:M
MB,A1,M,40,3.9109657947686114,MB_A1_M_39,2024,Y,0.2982,A1:M
MB,A1,M,37,3.7708333333333335,MB_A1_M_40,2024,Y,0.36,A1:M
MB,A1,M,16,0.3368055555555556,MB_A1_M_40,2024,Y,0.36,A1:M
MB,A1,M,43,5.038194444444445,MB_A1_M_40,2024,Y,0.36,A1:M
MB,A1,M,30,3.2567567567567566,MB_A1_M_41,2024,Y,0.2775,A1:M
MB,A1,M,40,1.4324324324324325,MB_A1_M_41,2024,Y,0.2775,A1:M
MB,A1,M,37,4.45045045045045,MB_A1_M_41,2024,Y,0.2775,A1:M
MB,A1,M,30,1.4739143546441495,MB_A1_M_43,2024,Y,0.3316,A1:M
MB,A1,M,16,0.8180036188178528,MB_A1_M_43,2024,Y,0.3316,A1:M
MB,A1,M,37,4.8854041013269,MB_A1_M_43,2024,Y,0.3316,A1:M
MB,A1,M,30,2.4205812774586013,MB_A1_M_44,2024,Y,0.2959,A1:M
MB,A1,M,16,0.33795201081446435,MB_A1_M_44,2024,Y,0.2959,A1:M
MB,A1,M,43,3.4471105103075366,MB_A1_M_44,2024,Y,0.2959,A1:M
MB,A1,M,30,2.4134389671361505,MB_A1_M_45,2024,Y,0.3408,A1:M
MB,A1,M,40,1.408450704225352,MB_A1_M_45,2024,Y,0.3408,A1:M
MB,A1,M,43,5.278022300469484,MB_A1_M_45,2024,Y,0.3408,A1:M
MB,A1,M,30,3.800466904696512,MB_A1_M_46,2024,Y,0.3641,A1:M
MB,A1,M,23,4.147212304312003,MB_A1_M_46,2024,Y,0.3641,A1:M
MB,A1,M,40,5.3385059049711625,MB_A1_M_46,2024,Y,0.3641,A1:M
MB,A1,M,30,2.1610317183687697,MB_A1_M_47,2024,Y,0.2869,A1:M
MB,A1,M,16,0.6273963053328686,MB_A1_M_47,2024,Y,0.2869,A1:M
MB,A1,M,40,6.51795050540258,MB_A1_M_47,2024,Y,0.2869,A1:M
MB,A1,M,30,2.5351405622489955,MB_A1_M_48,2024,Y,0.2988,A1:M
MB,A1,M,16,0.44344042838018743,MB_A1_M_48,2024,Y,0.2988,A1:M
MB,A1,M,43,4.877844712182061,MB_A1_M_48,2024,Y,0.2988,A1:M
MB,A1,M,30,2.128116938950989,MB_A1_M_49,2024,Y,0.3489,A1:M
MB,A1,M,40,1.7232731441673832,MB_A1_M_49,2024,Y,0.3489,A1:M
MB,A1,M,37,4.324304958440814,MB_A1_M_49,2024,Y,0.3489,A1:M
MB,A1,M,30,2.370140216698534,MB_A1_M_50,2024,Y,0.3138,A1:M
MB,A1,M,23,4.732313575525812,MB_A1_M_50,2024,Y,0.3138,A1:M
MB,A1,M,43,3.1588591459528357,MB_A1_M_50,2024,Y,0.3138,A1:M
MB,A1,F,23,0.9927368992669019,MB_A1_F_31,2024,Y,0.7366,A1:F
MB,A1,F,16,0.3444881889763779,MB_A1_F_31,2024,Y,0.7366,A1:F
MB,A1,F,43,2.798330165625848,MB_A1_F_31,2024,Y,0.7366,A1:F
MB,A1,F,23,1.8915539914799036,MB_A1_F_32,2024,Y,0.5399,A1:F
MB,A1,F,16,0.6089090572328208,MB_A1_F_32,2024,Y,0.5399,A1:F
MB,A1,F,40,10.374606408594184,MB_A1_F_32,2024,Y,0.5399,A1:F
MB,A1,F,23,0.35459885028742816,MB_A1_F_33,2024,Y,0.8002,A1:F
MB,A1,F,16,0.28274181454636343,MB_A1_F_33,2024,Y,0.8002,A1:F
MB,A1,F,43,2.718070482379405,MB_A1_F_33,2024,Y,0.8002,A1:F
MB,A1,F,23,1.0252475938066676,MB_A1_F_34,2024,Y,0.7169,A1:F
MB,A1,F,23,4.472381085228065,MB_A1_F_34,2024,Y,0.7169,A1:F
MB,A1,F,37,1.5396150090668155,MB_A1_F_34,2024,Y,0.7169,A1:F
MB,A1,F,23,1.8883581606217619,MB_A1_F_35,2024,Y,0.6175999999999999,A1:F
MB,A1,F,16,0.39264896373057,MB_A1_F_35,2024,Y,0.6175999999999999,A1:F
MB,A1,F,40,2.8396211139896375,MB_A1_F_35,2024,Y,0.6175999999999999,A1:F
MB,A1,F,37,3.683290253915159,MB_A1_F_36,2024,Y,0.6577,A1:F
MB,A1,F,40,1.2486696062034364,MB_A1_F_36,2024,Y,0.6577,A1:F
MB,A1,F,43,3.0447012315645434,MB_A1_F_36,2024,Y,0.6577,A1:F
MB,A1,F,37,2.004060761016694,MB_A1_F_37,2024,Y,0.6649,A1:F
MB,A1,F,40,1.2238682508647916,MB_A1_F_37,2024,Y,0.6649,A1:F
MB,A1,F,37,0.9963904346518272,MB_A1_F_37,2024,Y,0.6649,A1:F
MB,A1,F,37,4.6078730546231315,MB_A1_F_38,2024,Y,0.6554,A1:F
MB,A1,F,23,1.7947055233445226,MB_A1_F_38,2024,Y,0.6554,A1:F
MB,A1,F,43,0.9059353066829418,MB_A1_F_38,2024,Y,0.6554,A1:F
MB,A1,F,37,1.2756516916250695,MB_A1_F_39,2024,Y,0.7212,A1:F
MB,A1,F,16,0.2998474764281753,MB_A1_F_39,2024,Y,0.7212,A1:F
MB,A1,F,40,3.514975041597338,MB_A1_F_39,2024,Y,0.7212,A1:F
MB,A1,F,37,3.041699656901557,MB_A1_F_40,2024,Y,0.7578,A1:F
MB,A1,F,30,1.9829070339399901,MB_A1_F_41,2024,Y,0.8132,A1:F
MB,A1,F,40,0.7347515986227251,MB_A1_F_41,2024,Y,0.8132,A1:F
MB,A1,F,37,1.0775332021642892,MB_A1_F_41,2024,Y,0.8132,A1:F
MB,A1,F,30,1.3992419456727732,MB_A1_F_42,2024,Y,0.7915,A1:F
MB,A1,F,23,3.24857864813645,MB_A1_F_42,2024,Y,0.7915,A1:F
MB,A1,F,43,4.01452937460518,MB_A1_F_42,2024,Y,0.7915,A1:F
MB,A1,F,30,1.2747035573122532,MB_A1_F_43,2024,Y,0.6325,A1:F
MB,A1,F,16,0.6027667984189723,MB_A1_F_43,2024,Y,0.6325,A1:F
MB,A1,F,40,2.0098814229249014,MB_A1_F_43,2024,Y,0.6325,A1:F
MB,A1,F,30,2.7322822592989437,MB_A1_F_44,2024,Y,0.6533,A1:F
MB,A1,F,16,0.33483851216898824,MB_A1_F_44,2024,Y,0.6533,A1:F
MB,A1,F,37,3.1953160875554873,MB_A1_F_44,2024,Y,0.6533,A1:F
MB,A1,F,30,2.339561954357482,MB_A1_F_45,2024,Y,0.6529,A1:F
MB,A1,F,40,1.4684484607137387,MB_A1_F_45,2024,Y,0.6529,A1:F
MB,A1,F,43,5.310920508500535,MB_A1_F_45,2024,Y,0.6529,A1:F
MB,A1,F,30,1.6232055840906097,MB_A1_F_46,2024,Y,0.7593,A1:F
MB,A1,F,23,0.5580798103516397,MB_A1_F_46,2024,Y,0.7593,A1:F
MB,A1,F,37,2.1351903068615834,MB_A1_F_46,2024,Y,0.7593,A1:F
MB,A1,F,30,0.9401468097120271,MB_A1_F_47,2024,Y,0.8855,A1:F
MB,A1,F,16,0,MB_A1_F_47,2024,Y,0.8855,A1:F
MB,A1,F,43,2.183794466403162,MB_A1_F_47,2024,Y,0.8855,A1:F
MB,A1,F,30,2.4506107676066957,MB_A1_F_48,2024,Y,0.6631,A1:F
MB,A1,F,30,2.3624294124714647,MB_A1_F_49,2024,Y,0.8323,A1:F
MB,A1,F,40,1.1369097681124594,MB_A1_F_49,2024,Y,0.8323,A1:F
MB,A1,F,43,2.788958308302295,MB_A1_F_49,2024,Y,0.8323,A1:F
MB,A1,F,30,2.0608018992350305,MB_A1_F_50,2024,Y,0.7582,A1:F
MB,A1,F,23,2.4251516750197837,MB_A1_F_50,2024,Y,0.7582,A1:F
MB,A1,F,43,1.426074914270641,MB_A1_F_50,2024,Y,0.7582,A1:F
MB,B1,M,23,0.6680289217227287,MB_B1_M_31,2024,Y,0.3181,B1:M
MB,B1,M,23,1.0896697388632872,MB_B1_M_32,2024,Y,0.2604,B1:M
MB,B1,M,23,1.2731858119101853,MB_B1_M_33,2024,Y,0.3073,B1:M
MB,B1,M,37,1.8364019946298429,MB_B1_M_36,2024,Y,0.2607,B1:M
MB,B1,M,37,3.8465124953375605,MB_B1_M_37,2024,Y,0.2681,B1:M
MB,B1,M,16,0.45225662066393135,MB_B1_M_37,2024,Y,0.2681,B1:M
MB,B1,M,40,3.972398358821335,MB_B1_M_37,2024,Y,0.2681,B1:M
MB,B1,M,37,3.0579620462046204,MB_B1_M_38,2024,Y,0.2424,B1:M
MB,B1,M,37,3.655074520936835,MB_B1_M_39,2024,Y,0.2818,B1:M
MB,B1,M,23,3.322391767210788,MB_B1_M_39,2024,Y,0.2818,B1:M
MB,B1,M,43,3.3977998580553583,MB_B1_M_39,2024,Y,0.2818,B1:M
MB,B1,M,30,1.1367580701145434,MB_B1_M_40,2024,Y,0.2881,B1:M
MB,B1,M,23,2.230128427629295,MB_B1_M_40,2024,Y,0.2881,B1:M
MB,B1,M,37,2.1303366886497743,MB_B1_M_40,2024,Y,0.2881,B1:M
MB,B1,M,30,1.7819067925677734,MB_B1_M_41,2024,Y,0.3283,B1:M
MB,B1,M,16,0.09137983551629607,MB_B1_M_41,2024,Y,0.3283,B1:M
MB,B1,M,43,2.208346024977155,MB_B1_M_41,2024,Y,0.3283,B1:M
MB,B1,M,30,2.0849724626278525,MB_B1_M_43,2024,Y,0.2542,B1:M
MB,B1,M,30,1.243237619642114,MB_B1_M_44,2024,Y,0.2403,B1:M
MB,B1,M,30,2.4022531477799864,MB_B1_M_45,2024,Y,0.3018,B1:M
MB,B1,M,16,0,MB_B1_M_45,2024,Y,0.3018,B1:M
MB,B1,M,43,3.876739562624254,MB_B1_M_45,2024,Y,0.3018,B1:M
MB,B1,M,30,1.8816222141030325,MB_B1_M_46,2024,Y,0.2737,B1:M
MB,B1,M,30,1.9328989080662204,MB_B1_M_47,2024,Y,0.2839,B1:M
MB,B1,M,37,4.797432477492498,MB_B1_M_49,2024,Y,0.2999,B1:M
MB,B1,M,40,3.3052684228076026,MB_B1_M_49,2024,Y,0.2999,B1:M
MB,B1,M,43,2.3882960986995667,MB_B1_M_49,2024,Y,0.2999,B1:M
MB,B1,M,37,2.8695255474452552,MB_B1_M_50,2024,Y,0.274,B1:M
MB,B1,M,16,0.4242700729927007,MB_B1_M_50,2024,Y,0.274,B1:M
MB,B1,M,40,4.703467153284671,MB_B1_M_50,2024,Y,0.274,B1:M
MB,B1,M,30,2.4999999999999996,MB_B1_M_51,2024,Y,0.338,B1:M
MB,B1,M,40,3.3394970414201177,MB_B1_M_51,2024,Y,0.338,B1:M
MB,B1,M,43,4.079142011834319,MB_B1_M_51,2024,Y,0.338,B1:M
MB,B1,M,30,4.306102362204724,MB_B1_M_52,2024,Y,0.254,B1:M
MB,B1,M,16,0.32480314960629925,MB_B1_M_52,2024,Y,0.254,B1:M
MB,B1,M,40,4.443897637795275,MB_B1_M_52,2024,Y,0.254,B1:M
MB,B1,F,23,1.2581078058599866,MB_B1_F_34,2024,Y,0.4471,B1:F
MB,B1,F,40,1.179825542384254,MB_B1_F_34,2024,Y,0.4471,B1:F
MB,B1,F,43,4.750055915902482,MB_B1_F_34,2024,Y,0.4471,B1:F
MB,B1,F,37,4.691650853889943,MB_B1_F_38,2024,Y,0.527,B1:F
MB,B1,F,23,2.7720067713142504,MB_B1_F_49,2024,Y,0.6498,B1:F
MB,B1,F,40,4.6437365343182515,MB_B1_F_49,2024,Y,0.6498,B1:F
MB,B1,F,43,5.703678054786088,MB_B1_F_49,2024,Y,0.6498,B1:F
MB,B1,F,23,1.6317207834888916,MB_B1_F_50,2024,Y,0.7607,B1:F
MB,B1,F,40,4.555015117654791,MB_B1_F_50,2024,Y,0.7607,B1:F
MB,B1,F,43,4.735769685815696,MB_B1_F_50,2024,Y,0.7607,B1:F
MB,B1,F,23,1.6315145957511843,MB_B1_F_51,2024,Y,0.6543,B1:F
MB,B1,F,16,0.3763564114320648,MB_B1_F_51,2024,Y,0.6543,B1:F
MB,B1,F,43,3.8648173620663306,MB_B1_F_51,2024,Y,0.6543,B1:F
MB,B1,F,23,1.7075021682567215,MB_B1_F_52,2024,Y,0.4612,B1:F
MB,B1,F,16,0.2114050303555941,MB_B1_F_52,2024,Y,0.4612,B1:F
MB,B1,F,37,6.068408499566349,MB_B1_F_52,2024,Y,0.4612,B1:F
MB,B1,F,23,1.527251770130084,MB_B1_F_53,2024,Y,0.6073,B1:F
MB,B1,F,16,0.23258685987156266,MB_B1_F_53,2024,Y,0.6073,B1:F
MB,B1,F,40,2.208546023382184,MB_B1_F_53,2024,Y,0.6073,B1:F
MB,B1,F,37,5.099986113039856,MB_B1_F_54,2024,Y,0.7201,B1:F
MB,B1,F,23,0.6735175670045828,MB_B1_F_54,2024,Y,0.7201,B1:F
MB,B1,F,43,2.7218441883071796,MB_B1_F_54,2024,Y,0.7201,B1:F
MB,B1,F,37,6.001102607342067,MB_B1_F_55,2024,Y,0.7709,B1:F
MB,B1,F,23,1.5760799066026723,MB_B1_F_55,2024,Y,0.7709,B1:F
MB,B1,F,37,6.678881826436632,MB_B1_F_55,2024,Y,0.7709,B1:F
MB,B1,F,37,1.1454859824626404,MB_B1_F_56,2024,Y,0.8097,B1:F
MB,B1,F,40,0.9231814252192171,MB_B1_F_56,2024,Y,0.8097,B1:F
MB,B1,F,43,1.4171915524268248,MB_B1_F_56,2024,Y,0.8097,B1:F
MB,B1,F,37,7.10344259594795,MB_B1_F_57,2024,Y,0.6071,B1:F
MB,B1,F,16,0.42414758688848625,MB_B1_F_57,2024,Y,0.6071,B1:F
MB,B1,F,40,8.328529072640423,MB_B1_F_57,2024,Y,0.6071,B1:F
MB,B1,F,37,7.625230485556238,MB_B1_F_58,2024,Y,0.3254,B1:F
MB,B1,F,16,0.4724953902888752,MB_B1_F_58,2024,Y,0.3254,B1:F
MB,B1,F,43,8.462661339889367,MB_B1_F_58,2024,Y,0.3254,B1:F
MB,B1,F,30,1.750871080139373,MB_B1_F_59,2024,Y,0.7175,B1:F
MB,B1,F,23,0.24216027874564458,MB_B1_F_59,2024,Y,0.7175,B1:F
MB,B1,F,43,3.195121951219512,MB_B1_F_59,2024,Y,0.7175,B1:F
MB,B1,F,30,2.610393366756653,MB_B1_F_60,2024,Y,0.5186,B1:F
MB,B1,F,40,4.34583494022368,MB_B1_F_60,2024,Y,0.5186,B1:F
MB,B1,F,43,3.191284226764366,MB_B1_F_60,2024,Y,0.5186,B1:F
MB,B1,F,30,6.062465902891435,MB_B1_F_61,2024,Y,0.54990000000000006,B1:F
MB,B1,F,16,0.6978541553009637,MB_B1_F_61,2024,Y,0.54990000000000006,B1:F
MB,B1,F,43,6.0101836697581374,MB_B1_F_61,2024,Y,0.54990000000000006,B1:F
MB,B1,F,30,0.5960729312762973,MB_B1_F_62,2024,Y,0.6417,B1:F
MB,B1,F,16,0.5259467040673211,MB_B1_F_62,2024,Y,0.6417,B1:F
MB,B1,F,40,1.1317593891226427,MB_B1_F_62,2024,Y,0.6417,B1:F
MB,B1,F,30,3.0394065520945217,MB_B1_F_63,2024,Y,0.7448,B1:F
MB,B1,F,40,4.459250805585392,MB_B1_F_63,2024,Y,0.7448,B1:F
MB,B1,F,43,2.3479457572502684,MB_B1_F_63,2024,Y,0.7448,B1:F
MB,B1,F,30,4.028101097439308,MB_B1_F_64,2024,Y,0.6014,B1:F
MB,B1,F,16,0.39491187229797137,MB_B1_F_64,2024,Y,0.6014,B1:F
MB,B1,F,43,7.819255071499833,MB_B1_F_64,2024,Y,0.6014,B1:F
MB,B1,F,30,2.3185138682798767,MB_B1_F_65,2024,Y,0.8761,B1:F
MB,B1,F,16,0.23684510900582126,MB_B1_F_65,2024,Y,0.8761,B1:F
MB,B1,F,40,6.227884944641023,MB_B1_F_65,2024,Y,0.8761,B1:F
MB,C1,M,37,3.9134236991692175,MB_C1_M_38,2024,Y,0.2287,C1:M
MB,C1,M,23,5.771753388718846,MB_C1_M_38,2024,Y,0.2287,C1:M
MB,C1,M,43,5.1486663751639705,MB_C1_M_38,2024,Y,0.2287,C1:M
MB,C1,M,37,5.730465502909393,MB_C1_M_40,2024,Y,0.2406,C1:M
MB,C1,M,16,0.8572319201995011,MB_C1_M_40,2024,Y,0.2406,C1:M
MB,C1,M,40,7.309850374064838,MB_C1_M_40,2024,Y,0.2406,C1:M
MB,C1,M,30,2.368212445501387,MB_C1_M_42,2024,Y,0.2523,C1:M
MB,C1,M,16,0.8273880301228694,MB_C1_M_42,2024,Y,0.2523,C1:M
MB,C1,M,37,4.31529924692826,MB_C1_M_42,2024,Y,0.2523,C1:M
MB,C1,M,30,4.020629991126886,MB_C1_M_45,2024,Y,0.2254,C1:M
MB,C1,M,40,2.7062999112688555,MB_C1_M_45,2024,Y,0.2254,C1:M
MB,C1,M,37,4.591836734693877,MB_C1_M_45,2024,Y,0.2254,C1:M
MB,C1,M,30,1.9111776447105788,MB_C1_M_47,2024,Y,0.2505,C1:M
MB,C1,M,23,3.373253493013972,MB_C1_M_47,2024,Y,0.2505,C1:M
MB,C1,M,43,3.063872255489022,MB_C1_M_47,2024,Y,0.2505,C1:M
MB,C1,M,30,3.1397870662460567,MB_C1_M_48,2024,Y,0.2536,C1:M
MB,C1,M,16,0.6999211356466877,MB_C1_M_48,2024,Y,0.2536,C1:M
MB,C1,M,43,5.23955047318612,MB_C1_M_48,2024,Y,0.2536,C1:M
MB,C1,M,30,3.0928365582544255,MB_C1_M_50,2024,Y,0.2429,C1:M
MB,C1,M,16,1.024083985179086,MB_C1_M_50,2024,Y,0.2429,C1:M
MB,C1,M,40,5.825442568958419,MB_C1_M_50,2024,Y,0.2429,C1:M
MB,C1,M,23,1.2079207920792079,MB_C1_M_51,2024,Y,0.2525,C1:M
MB,C1,M,40,3.49009900990099,MB_C1_M_51,2024,Y,0.2525,C1:M
MB,C1,M,43,4.311881188118813,MB_C1_M_51,2024,Y,0.2525,C1:M
MB,C1,M,23,1.297493145319232,MB_C1_M_52,2024,Y,0.2553,C1:M
MB,C1,M,40,1.6647081864473168,MB_C1_M_52,2024,Y,0.2553,C1:M
MB,C1,M,37,4.6415981198589895,MB_C1_M_52,2024,Y,0.2553,C1:M
MB,C1,M,23,1.8576318968989127,MB_C1_M_53,2024,Y,0.2483,C1:M
MB,C1,M,16,0.51852597664116,MB_C1_M_53,2024,Y,0.2483,C1:M
MB,C1,M,40,6.620016109544906,MB_C1_M_53,2024,Y,0.2483,C1:M
MB,C1,M,23,1.4549180327868851,MB_C1_M_54,2024,Y,0.244,C1:M
MB,C1,M,16,0.4713114754098361,MB_C1_M_54,2024,Y,0.244,C1:M
MB,C1,M,40,3.432377049180328,MB_C1_M_54,2024,Y,0.244,C1:M
MB,C1,M,23,1.579992777175876,MB_C1_M_55,2024,Y,0.2769,C1:M
MB,C1,M,16,0.5913687251715422,MB_C1_M_55,2024,Y,0.2769,C1:M
MB,C1,M,43,3.9319248826291084,MB_C1_M_55,2024,Y,0.2769,C1:M
MB,C1,M,23,1.2544625148750495,MB_C1_M_56,2024,Y,0.2521,C1:M
MB,C1,M,40,3.089051963506545,MB_C1_M_56,2024,Y,0.2521,C1:M
MB,C1,M,37,4.001388337961127,MB_C1_M_56,2024,Y,0.2521,C1:M
MB,C1,M,37,2.295918367346939,MB_C1_M_57,2024,Y,0.2793,C1:M
MB,C1,M,40,3.088077336197637,MB_C1_M_57,2024,Y,0.2793,C1:M
MB,C1,M,43,3.356605800214823,MB_C1_M_57,2024,Y,0.2793,C1:M
MB,C1,M,37,3.353299293008641,MB_C1_M_58,2024,Y,0.2546,C1:M
MB,C1,M,23,1.3894344069128044,MB_C1_M_58,2024,Y,0.2546,C1:M
MB,C1,M,43,3.5595051060487037,MB_C1_M_58,2024,Y,0.2546,C1:M
MB,C1,M,37,4.6483961931617905,MB_C1_M_59,2024,Y,0.2837,C1:M
MB,C1,M,16,0.3040183292210081,MB_C1_M_59,2024,Y,0.2837,C1:M
MB,C1,M,43,4.833450828339796,MB_C1_M_59,2024,Y,0.2837,C1:M
MB,C1,M,37,4.615724381625442,MB_C1_M_60,2024,Y,0.2264,C1:M
MB,C1,M,16,0.13250883392226148,MB_C1_M_60,2024,Y,0.2264,C1:M
MB,C1,M,40,5.764134275618375,MB_C1_M_60,2024,Y,0.2264,C1:M
MB,C1,M,37,1.8946754760979403,MB_C1_M_61,2024,Y,0.2573,C1:M
MB,C1,M,16,0.06315584920326468,MB_C1_M_61,2024,Y,0.2573,C1:M
MB,C1,M,40,4.790128254955305,MB_C1_M_61,2024,Y,0.2573,C1:M
MB,C1,M,30,3.0702627388535033,MB_C1_M_62,2024,Y,0.2512,C1:M
MB,C1,M,23,1.214171974522293,MB_C1_M_62,2024,Y,0.2512,C1:M
MB,C1,M,43,4.52328821656051,MB_C1_M_62,2024,Y,0.2512,C1:M
MB,C1,M,30,2.438817131203263,MB_C1_M_63,2024,Y,0.2942,C1:M
MB,C1,M,40,2.6555064581917063,MB_C1_M_63,2024,Y,0.2942,C1:M
MB,C1,M,37,3.067641060503059,MB_C1_M_63,2024,Y,0.2942,C1:M
MB,C1,M,30,2.3907856093979443,MB_C1_M_64,2024,Y,0.2724,C1:M
MB,C1,M,16,0.13307635829662262,MB_C1_M_64,2024,Y,0.2724,C1:M
MB,C1,M,43,3.1984214390602057,MB_C1_M_64,2024,Y,0.2724,C1:M
MB,C1,M,30,2.1257541478129713,MB_C1_M_65,2024,Y,0.2652,C1:M
MB,C1,M,16,0.5608974358974359,MB_C1_M_65,2024,Y,0.2652,C1:M
MB,C1,M,40,4.944381598793364,MB_C1_M_65,2024,Y,0.2652,C1:M
MB,C1,M,30,1.933962264150943,MB_C1_M_66,2024,Y,0.265,C1:M
MB,C1,M,40,3.8773584905660377,MB_C1_M_66,2024,Y,0.265,C1:M
MB,C1,M,43,4.547169811320755,MB_C1_M_66,2024,Y,0.265,C1:M
MB,C1,M,30,3.3000732332478946,MB_C1_M_67,2024,Y,0.2731,C1:M
MB,C1,M,40,3.2497253753203954,MB_C1_M_67,2024,Y,0.2731,C1:M
MB,C1,M,37,3.538081288905163,MB_C1_M_67,2024,Y,0.2731,C1:M
MB,C1,M,30,2.527937995674117,MB_C1_M_68,2024,Y,0.2774,C1:M
MB,C1,M,16,0,MB_C1_M_68,2024,Y,0.2774,C1:M
MB,C1,M,43,1.1580749819754868,MB_C1_M_68,2024,Y,0.2774,C1:M
MB,C1,M,30,2.9575471698113205,MB_C1_M_69,2024,Y,0.265,C1:M
MB,C1,M,16,0.49056603773584906,MB_C1_M_69,2024,Y,0.265,C1:M
MB,C1,M,40,3.75,MB_C1_M_69,2024,Y,0.265,C1:M
MB,C1,M,30,0.8490398293029872,MB_C1_M_70,2024,Y,0.2812,C1:M
MB,C1,M,23,1.0135135135135134,MB_C1_M_70,2024,Y,0.2812,C1:M
MB,C1,M,43,3.7784495021337126,MB_C1_M_70,2024,Y,0.2812,C1:M
MB,C1,F,23,1.1461393201846413,MB_C1_F_31,2024,Y,0.4766,C1:F
MB,C1,F,40,1.2484263533361308,MB_C1_F_31,2024,Y,0.4766,C1:F
MB,C1,F,37,5.109106168694923,MB_C1_F_31,2024,Y,0.4766,C1:F
MB,C1,F,23,0.3323108384458078,MB_C1_F_32,2024,Y,0.4401,C1:F
MB,C1,F,16,0.35787321063394684,MB_C1_F_32,2024,Y,0.4401,C1:F
MB,C1,F,43,5.3879800045444215,MB_C1_F_32,2024,Y,0.4401,C1:F
MB,C1,F,23,1.6728960694477935,MB_C1_F_33,2024,Y,0.4147,C1:F
MB,C1,F,16,0.307451169520135,MB_C1_F_33,2024,Y,0.4147,C1:F
MB,C1,F,40,12.789365806607185,MB_C1_F_33,2024,Y,0.4147,C1:F
MB,C1,F,16,0.30055256869773,MB_C1_F_34,2024,Y,0.6696,C1:F
MB,C1,F,37,5.380077658303465,MB_C1_F_34,2024,Y,0.6696,C1:F
MB,C1,F,23,0.6402385546395368,MB_C1_F_35,2024,Y,0.5701,C1:F
MB,C1,F,40,1.184002806525171,MB_C1_F_35,2024,Y,0.5701,C1:F
MB,C1,F,43,5.279775477986317,MB_C1_F_35,2024,Y,0.5701,C1:F
MB,C1,F,37,9.131012811215856,MB_C1_F_36,2024,Y,0.4137,C1:F
MB,C1,F,23,10.31846748851825,MB_C1_F_36,2024,Y,0.4137,C1:F
MB,C1,F,40,7.164007735073725,MB_C1_F_36,2024,Y,0.4137,C1:F
MB,C1,F,37,2.3921684086559694,MB_C1_F_37,2024,Y,0.6793,C1:F
MB,C1,F,16,0.9219049021051081,MB_C1_F_37,2024,Y,0.6793,C1:F
MB,C1,F,40,7.053216546444869,MB_C1_F_37,2024,Y,0.6793,C1:F
MB,C1,F,37,1.4877619580867063,MB_C1_F_38,2024,Y,0.6251,C1:F
MB,C1,F,37,4.74580561180214,MB_C1_F_39,2024,Y,0.6914,C1:F
MB,C1,F,40,2.089962395140295,MB_C1_F_39,2024,Y,0.6914,C1:F
MB,C1,F,43,5.872143477003181,MB_C1_F_39,2024,Y,0.6914,C1:F
MB,C1,F,30,0.8776792313377678,MB_C1_F_40,2024,Y,0.5412,C1:F
MB,C1,F,23,3.367516629711752,MB_C1_F_40,2024,Y,0.5412,C1:F
MB,C1,F,30,3.083841163750738,MB_C1_F_41,2024,Y,0.5086999999999999,C1:F
MB,C1,F,23,5.961273835266367,MB_C1_F_41,2024,Y,0.5086999999999999,C1:F
MB,C1,F,43,7.41350501277767,MB_C1_F_41,2024,Y,0.5086999999999999,C1:F
MB,C1,F,30,2.1879074315514995,MB_C1_F_43,2024,Y,0.6136,C1:F
MB,C1,F,16,0.43798891786179917,MB_C1_F_43,2024,Y,0.6136,C1:F
MB,C1,F,43,2.1023468057366363,MB_C1_F_43,2024,Y,0.6136,C1:F
MB,C1,F,30,1.125262999699429,MB_C1_F_44,2024,Y,0.6654,C1:F
MB,C1,F,40,0.8021490832581905,MB_C1_F_44,2024,Y,0.6654,C1:F
MB,C1,F,37,1.6831980763450558,MB_C1_F_44,2024,Y,0.6654,C1:F
MB,C1,F,30,5.017354930580278,MB_C1_F_45,2024,Y,0.5618,C1:F
MB,C1,F,23,8.056692773228908,MB_C1_F_45,2024,Y,0.5618,C1:F
MB,C1,F,43,2.7189391242435033,MB_C1_F_45,2024,Y,0.5618,C1:F
MB,C1,F,30,5.784497690531179,MB_C1_F_46,2024,Y,0.3464,C1:F
MB,C1,F,16,1.10060623556582,MB_C1_F_46,2024,Y,0.3464,C1:F
MB,C1,F,43,9.566252886836029,MB_C1_F_46,2024,Y,0.3464,C1:F
MB,C1,F,30,0.7814560801899235,MB_C1_F_47,2024,Y,0.3791,C1:F
MB,C1,F,30,4.480531295487627,MB_C1_F_48,2024,Y,0.5496,C1:F
MB,C1,F,40,2.16066229985444,MB_C1_F_48,2024,Y,0.5496,C1:F
MB,C1,F,43,6.986899563318778,MB_C1_F_48,2024,Y,0.5496,C1:F
MB,C1,F,37,2.1216848673946958,MB_C1_F_49,2024,Y,0.641,C1:F
MB,C1,F,23,0.5674726989079564,MB_C1_F_49,2024,Y,0.641,C1:F
MB,C1,F,16,0.1657566302652106,MB_C1_F_49,2024,Y,0.641,C1:F
MB,C1,F,37,3.601498532365209,MB_C1_F_50,2024,Y,0.6473,C1:F
MB,C1,F,23,0.9597559091611308,MB_C1_F_50,2024,Y,0.6473,C1:F
MB,C1,F,43,3.352386837633246,MB_C1_F_50,2024,Y,0.6473,C1:F
MB,C1,F,37,3.208415516107824,MB_C1_F_51,2024,Y,0.7605,C1:F
MB,C1,F,30,1.5401051939513477,MB_C1_F_51,2024,Y,0.7605,C1:F
MB,C1,F,16,0.02465483234714004,MB_C1_F_51,2024,Y,0.7605,C1:F
MB,C1,F,40,3.0592328581126953,MB_C1_F_52,2024,Y,0.5892,C1:F
MB,C1,F,30,1.0162084181941617,MB_C1_F_52,2024,Y,0.5892,C1:F
MB,C1,F,43,3.004073319755601,MB_C1_F_52,2024,Y,0.5892,C1:F
MB,C1,F,40,7.648496240601503,MB_C1_F_53,2024,Y,0.665,C1:F
MB,C1,F,30,4.9755639097744355,MB_C1_F_53,2024,Y,0.665,C1:F
MB,C1,F,16,0.5093984962406015,MB_C1_F_53,2024,Y,0.665,C1:F
MB,D1,M,30,2.8623001547189277,MB_D1_M_1,2024,Y,0.1939,D1:M
MB,D1,M,23,1.6696750902527075,MB_D1_M_1,2024,Y,0.1939,D1:M
MB,D1,M,40,7.026817947395565,MB_D1_M_1,2024,Y,0.1939,D1:M
MB,D1,M,30,3.48792394655704,MB_D1_M_3,2024,Y,0.1946,D1:M
MB,D1,M,30,2.9049295774647885,MB_D1_M_4,2024,Y,0.1988,D1:M
MB,D1,M,16,0.6099094567404426,MB_D1_M_4,2024,Y,0.1988,D1:M
MB,D1,M,37,4.627766599597585,MB_D1_M_4,2024,Y,0.1988,D1:M
MB,D1,M,23,1.3533464566929136,MB_D1_M_7,2024,Y,0.2032,D1:M
MB,D1,M,16,0.4859744094488189,MB_D1_M_7,2024,Y,0.2032,D1:M
MB,D1,M,43,4.53371062992126,MB_D1_M_7,2024,Y,0.2032,D1:M
MB,D1,M,23,1.3124713434204494,MB_D1_M_8,2024,Y,0.2181,D1:M
MB,D1,M,23,2.212041884816754,MB_D1_M_9,2024,Y,0.191,D1:M
MB,D1,M,40,4.869109947643979,MB_D1_M_9,2024,Y,0.191,D1:M
MB,D1,M,37,5.2486910994764395,MB_D1_M_9,2024,Y,0.191,D1:M
MB,D1,M,37,4.714658169177288,MB_D1_M_10,2024,Y,0.1726,D1:M
MB,D1,M,37,3.8822525597269624,MB_D1_M_11,2024,Y,0.1758,D1:M
MB,D1,M,37,7.76370064820271,MB_D1_M_12,2024,Y,0.1697,D1:M
MB,D1,M,16,1.0385975250441957,MB_D1_M_12,2024,Y,0.1697,D1:M
MB,D1,M,40,5.104596346493813,MB_D1_M_12,2024,Y,0.1697,D1:M
MB,D1,M,37,2.4735760422783324,MB_D1_M_14,2024,Y,0.1703,D1:M
MB,D1,F,30,2.8578528827037775,MB_D1_F_2,2024,Y,0.3521,D1:F
MB,D1,F,40,2.044873615450156,MB_D1_F_2,2024,Y,0.3521,D1:F
MB,D1,F,43,7.313263277477989,MB_D1_F_2,2024,Y,0.3521,D1:F
MB,D1,F,30,1.4519359145527369,MB_D1_F_3,2024,Y,0.3745,D1:F
MB,D1,F,30,2.4013722126929675,MB_D1_F_4,2024,Y,0.3498,D1:F
MB,D1,F,23,1.547312750142939,MB_D1_F_4,2024,Y,0.3498,D1:F
MB,D1,F,43,3.155374499714122,MB_D1_F_4,2024,Y,0.3498,D1:F
MB,D1,F,30,5.279110045297095,MB_D1_F_5,2024,Y,0.3753,D1:F
MB,D1,F,16,0.6528110844657606,MB_D1_F_5,2024,Y,0.3753,D1:F
MB,D1,F,43,3.4372501998401277,MB_D1_F_5,2024,Y,0.3753,D1:F
MB,D1,F,30,2.014233481326717,MB_D1_F_7,2024,Y,0.3829,D1:F
MB,D1,F,16,0,MB_D1_F_7,2024,Y,0.3829,D1:F
MB,D1,F,40,0.9793679811961347,MB_D1_F_7,2024,Y,0.3829,D1:F
MB,D1,F,30,1.0751580104424292,MB_D1_F_9,2024,Y,0.3639,D1:F
MB,D1,F,30,7.6687337755985,MB_D1_F_10,2024,Y,0.3467,D1:F
MB,D1,F,16,0.7967983847706951,MB_D1_F_10,2024,Y,0.3467,D1:F
MB,D1,F,40,8.166282088260743,MB_D1_F_10,2024,Y,0.3467,D1:F
MB,D1,F,30,2.5329212577264175,MB_D1_F_11,2024,Y,0.3721,D1:F
MB,D1,F,30,0.8208403716216216,MB_D1_F_12,2024,Y,0.4736,D1:F
MB,D1,F,23,2.728426395939086,MB_D1_F_13,2024,Y,0.394,D1:F
MB,D1,F,16,0.9676395939086293,MB_D1_F_13,2024,Y,0.394,D1:F
MB,D1,F,43,5.377538071065989,MB_D1_F_13,2024,Y,0.394,D1:F
MB,D1,F,23,1.1913357400722022,MB_D1_F_14,2024,Y,0.4155,D1:F
MB,D1,F,40,2.181107099879663,MB_D1_F_14,2024,Y,0.4155,D1:F
MB,D1,F,37,2.081829121540313,MB_D1_F_14,2024,Y,0.4155,D1:F
MB,D1,F,23,2.967647774264169,MB_D1_F_15,2024,Y,0.4111,D1:F
MB,D1,F,16,0.47129652152760887,MB_D1_F_15,2024,Y,0.4111,D1:F
MB,D1,F,37,7.115057163707126,MB_D1_F_15,2024,Y,0.4111,D1:F
MB,D1,F,23,3.0400635368866924,MB_D1_F_16,2024,Y,0.2833,D1:F
MB,D1,F,40,8.780444758206848,MB_D1_F_16,2024,Y,0.2833,D1:F
MB,D1,F,43,5.356512530885987,MB_D1_F_16,2024,Y,0.2833,D1:F
MB,D1,F,23,2.4943239152371346,MB_D1_F_17,2024,Y,0.3964,D1:F
MB,D1,F,16,0.545534813319879,MB_D1_F_17,2024,Y,0.3964,D1:F
MB,D1,F,43,3.907038345105954,MB_D1_F_17,2024,Y,0.3964,D1:F
MB,D1,F,37,0.9718147527242246,MB_D1_F_18,2024,Y,0.4772,D1:F
MB,D1,F,23,1.7812238055322716,MB_D1_F_18,2024,Y,0.4772,D1:F
MB,D1,F,40,2.724224643755239,MB_D1_F_18,2024,Y,0.4772,D1:F
MB,D1,F,37,7.860410484668646,MB_D1_F_20,2024,Y,0.4044,D1:F
MB,D1,F,16,0.34928288822947573,MB_D1_F_20,2024,Y,0.4044,D1:F
MB,D1,F,43,1.690776458951533,MB_D1_F_20,2024,Y,0.4044,D1:F
MB,D1,F,37,5.807804522246535,MB_D1_F_21,2024,Y,0.4113,D1:F
MB,D1,F,16,0.2826404084609774,MB_D1_F_21,2024,Y,0.4113,D1:F
MB,D1,F,40,2.1182834913688304,MB_D1_F_21,2024,Y,0.4113,D1:F
MB,D1,F,37,6.427008979967764,MB_D1_F_22,2024,Y,0.4343,D1:F
MB,D1,F,23,1.6405710338475707,MB_D1_F_22,2024,Y,0.4343,D1:F
MB,D1,F,43,1.2347455675800139,MB_D1_F_22,2024,Y,0.4343,D1:F
MB,D1,F,37,9.495164632742345,MB_D1_F_23,2024,Y,0.4343,D1:F
MB,D1,F,40,2.8753166014275844,MB_D1_F_23,2024,Y,0.4343,D1:F
MB,D1,F,43,9.368524061708495,MB_D1_F_23,2024,Y,0.4343,D1:F
MB,D1,F,37,1.1853448275862069,MB_D1_F_24,2024,Y,0.464,D1:F
MB,D1,F,16,0.5172413793103448,MB_D1_F_24,2024,Y,0.464,D1:F
MB,D1,F,40,2.580818965517241,MB_D1_F_24,2024,Y,0.464,D1:F
